id	word1	word2	language	headline
zh_0101	喷洒	椅子	zh	"老板：小李啊！今天怎么迟到了？
我：昨天回家路上捡到一张50块的钞票。老板：这有什么？那叫幸运。
我：不是啦。。。是……我是说这张纸币背面印着“请勿坐”三个字...
老板：哦~ 哦... 这个牌子我没见过，你去网上搜一下，看看是不是哪家家具厂弄出来的。
我：“不... 不是我坐在上面了，而是...... 我拿它当香水瓶喷了一次。”
老板（一脸懵逼）: “啥？”
我：没。。没事.. 是我喝多了，把那个东西当成香水瓶子了.... 您看现在您面前的这个"
zh_0102	锤击	香蕉	zh	"有一天，有个小孩拿着一根香蕉走进教室：“老师您看！我爸爸说给我买了一个苹果！”老师看着那根金灿灿的“大棒槌”，疑惑地说，“你这到底是啥？”孩子得意洋洋地回道： “就是……是给我的‘小手’做的护具啊。”全班哄堂大笑。下课了之后，这位同学跑到办公室跟班主任诉苦: ""哎呀老师！我都多大的人啦？哪有这么幼稚的事儿~” 哈哈，原来是个不小心把锤子拿反了的小插曲呢。。。"
zh_0103	移动	冰箱	zh	"在一个炎热的夏日午后，小张正在家里休息。此时他的手机响了。“喂？你好。”“哦...是你呀…你不知道吗？我现在要结婚！”电话那头传来一个急促而略带兴奋的声音。
“什么？谁说？”小张疑惑地问道。
对方却回答道：“我啊！还有就是你老婆…”
“啥？！！”小张激动得差点跳起来，“怎么会这样？她什么时候这么跟我说过这事儿？为什么我没收到任何邀请呢……”
这时他听到客厅方向传来了开门声，并且还有一阵吵闹。紧接着一阵人影晃进了房间。 “亲爱的！今天是咱们两人的大日子哟！快跟我一起收拾一下出发"
zh_0104	锤击	南瓜	zh	"嘿！听说你家新买了一个锤子？我有事想请你帮我个忙。行不行呀？

当然可以啦，说吧。

好嘞，这事儿啊简单着呢。你看我家阳台有个南瓜，它最近有点发霉了，我想把它砸烂给埋掉，能帮忙吗？

没问题啊，给你搬上楼梯也挺简单的。可是你这意思……是要把南瓜给我扔下去吗？你真舍得丢啊……

对的，你说得没错。是这样：我要把它砸碎然后扔到楼下。但是你知道的，咱们小区物业对我们要求很严格，他们禁止乱扔东西。所以啊，你要不介意的话，能不能站在下面用脚去接住"
zh_0105	剥皮	南瓜	zh	"老婆：“今天晚上吃啥？”我说：“随便！”她就问：“你想要吃什么？别跟我说你想吃肉。”我有点儿不好意思地说，“那要不咱俩一起剥个‘瓜’吧”。“什么瓜呀？”“就是那个长在地里的。我们先分着一半……然后你就说我不行了...然后我就把你扶进屋里去......啊哈哈哈…” 吃完晚饭的时候看到女儿拿着一块小号勺子站在一旁哭闹喊爸爸。。。于是我对老婆说道： “怎么啦孩子他妈，这会儿有空陪陪你闺女呢？”。 妻子很生气的回答道: ""没见我在剥南瓜吗?你这个当爹的男人哪去了??"
zh_0106	微波炉	书	zh	"在一个风和日丽的下午，小李正坐在沙发上享受着阳光与舒适。他手中拿着一本《三体》正在津津有味地读着；旁边就是他的宝贝——一台全新的、时尚且高端的微波爐。

突然一阵急促的脚步声传来……“咚！”的一声响后，客厅门被重重关上。“砰”又是一下！然后又是脚步声在厅内回响，“哒”，“哒”。最后传来了敲打的声音……

这时手机响了：“喂？谁啊？”小李接起电话，“哎呀！我忘了带钥匙，能帮我开门吗？我在楼下。”是母亲的声音！

过了一会，听到门外响起一连串的“叮"
zh_0107	喷洒	门	zh	一天，我到朋友家去做客。刚一进屋我就大喊：“哎呀，快开门啊！”朋友惊讶地看着我说：“你这是什么破地方啊？还有门吗？”我哭笑不得道：“你没发现么……你这房子是密封的啊！”说完，我拿起一瓶香水，“啪”地一下打在了他脸上。这时我才看到，朋友手上拿着的是喷雾器……
zh_0108	测量	比萨	zh	"小明去一家新开的比萨店点餐。服务员问他：“您要点什么？”
小明明目结舌地说：“你这里有没有尺子？”
“额……”服务员有些诧异，“先生，这跟你要吃比萨有什么关系吗？”
只见小明挠了挠头说：“哦，抱歉……我想要一块12寸的比……”
“嗯？12个比萨？”服务员打断他的话。
“不是啊……”小明尴尬地一笑，“我想量一下这里的沙发到底有多宽。”
“……”服务生哭笑不得：“那你就直接问老板要一把尺子吧！”
这时，小明才恍然大悟似的拍了一下脑袋：“对"
zh_0109	拔掉插头	冰箱	zh	"顾客：老板你看一下这个电视。 拿过来一看这电器是好的！老板又看看冰箱。
老板：“怎么了？” 他说： “我家的电都停啦！” 老板说 ：“啊？你是让我帮你拿个东西吧。”他一想自己这么幽默也笑了起来 ，连忙说到: “哈哈……那个……是我老婆把‘电源’ 插座给拔掉了！！” 这时他刚说完，老板就说了句 : 哇塞 …… 然后他就跑了出去接水去了。。。。。 。 （老板以为他是要买插座） 结果回去问他老婆为什么没让老公帮她接个热水喝的时候 , 夫妻俩相互看了一眼"
zh_0110	称重	电话	zh	"有一天，一位女士走进了超市，径直走向电子秤。这时她遇到了她的丈夫。

丈夫：你干吗呢？去那边排长队买菜？

妻子：哎呀，亲爱的，别问这么傻的问题啊。我只是要过磅我的新手机，看看它的重量是多少克，因为我要送给女儿作为礼物。

丈夫无奈地说：“这手机的重量应该已经刻在包装盒上了啊。”

妻子说：“你说的是重量嘛！其实我是在想是不是该给我女儿换一换一下型号，毕竟现在流行起来的都是小重量的。就比如我这个苹果7Splus，它才256g左右，而小米10大概有439g重。” 这"
zh_0111	去籽	番茄	zh	"女：老公，你猜今天晚上我做了什么好吃的？
男：西红柿炒鸡蛋。
女：不是，是……
男：番茄牛腩？（没听清楚）
女：番茄鸡排！（终于说对了）不过有个要求，你得把鸡排上的种子去掉。"
zh_0112	喷洒	杯子	zh	有一条路叫做失败之路，在这条路上有一个人带着两只杯子在走。他拿着其中一只倒着的杯子里装满水准备去解渴时却一不小心倒在了地上...这时有人对他说：“你为什么不用你的另一个杯子接住它？”那人愣了一下然后说：“我早就把它丢到垃圾站去了。”（结束语：看来人生真的不能没有备用方案呢）
zh_0113	关闭	混合器	zh	"为什么说“混音”是音响师的最佳伴侣？

因为每当他想要关机时，“调制解调器”的反应总是那么强烈。"
zh_0114	锤击	番茄	zh	有一天，我问女友：“你最喜欢什么水果？”她想了想，说：“西红柿。”然后我就拿起一把锤子对准了她的脑袋。她说：”你干啥！“我说：”我想看看你的脑子里会不会流出血来。“她说： ”那你就试试吧！“于是我……哦不，于是她突然笑了出来，说：”这叫‘番茄’不是西红柿吗？你不会是喜欢打脸的人吧！”我尴尬的挠头，心想…哎，好在没砸到头，不然就是我的问题了。
zh_0115	混合	南瓜	zh	从前有一只可爱的小南瓜，它对妈妈说：“我真想变成一个人类啊！”“那你先学会做菜吧。”南瓜妈妈温柔地说道。“好！我一定做一个超级好吃的蛋炒饭给你尝尝！”小南瓜开心地答道。于是，小南瓜把自己切成了丁儿状；又把番茄切成了丝，胡萝卜也剁成泥。在锅里加了点油，放了个鸡蛋进去……“噗哧”一声，一串火花从锅子里窜出来，吓得小南瓜直往后退。这时它的妈妈走过来：“孩子，你把‘人’字给忘记了。”小南瓜顿时恍然大悟：“哦！原来要先混个脸熟呀
zh_0116	微波炉	笔记本电脑	zh	"Q：你知道微波电脑是什么？
A：不知道。
Q：就是你的电脑开着你忘了拔插头，然后被你扔进微波里了。但是微波不能加热电子元件，于是它就一直在那里“嗡嗡”地叫着……直到电力公司的电话打来：“喂？你们家的电脑又不老实？”"
zh_0117	钻孔	鸡蛋	zh	"在一次家庭聚会上，爸爸正在厨房里忙碌着做晚饭。小明看着爸爸熟练地切菜、炒菜，忍不住问：“爸，您怎么学得这么快啊？”
爸爸笑着说：“我呀，小时候家里穷，妈妈每天都会给我煮个鸡蛋吃，我就用筷子把蛋壳打一个小洞，然后用吸管对着洞吹气，让蛋黄流出。后来长大了，就发现这其实是一个很好的学习方法。”
小明惊讶道：“真的？那您是怎么做到的呢？”
这时，只见爸爸从冰箱里拿出一只生鸡蛋，拿起钻孔机，在鸡蛋上钻了一个小孔，又用另一只手拿着吸管对准小孔往里面"
zh_0118	剥皮	椰子	zh	"有一天，一位女士去参加聚会。她很喜欢吃水果，尤其是椰子。
主持人问：“各位朋友，谁喜欢吃椰子？”
女士回答道： “我！”
主持人又问道:“那么你最喜欢什么口味的呢？是甜味还是咸味的？”
女人答道：“我喜欢那种……特别甜的。”
这时，男主持人拿起了一颗椰子，在众目睽睽之下开始剥起了皮来，并且还一边说：“看我的表演吧，看看我是如何让这颗椰子里流下最甜蜜的味道的。”话音未落，就只见他一把扯掉了椰子外层的硬壳，然后将里面的椰肉直接塞进了嘴里。“哇啊～”"
zh_0119	切割	鞋	zh	"老婆：亲爱的，你看这双鞋。
老公：嗯？挺好啊！
老婆:那你觉得我能不能把这条线也剪了？
老公：哦？那你得告诉我为什么。要不你去问裁缝吧，他会告诉你怎么干的！
（老婆走后）老公自言自语：“哼，你个裁缝！”
然后突然发现：自己被老婆整去了理发店！"
zh_0120	称重	西瓜	zh	一位中年妇女来到秤台前：“我问你个问题，我要不要生？”女： “你要么就怀孕去吧。” 中年妇女指着旁边卖瓜的小贩说道:“看那个小伙子，人高马大，肯定很会吃苦耐劳。我就要他了……” 叔叔：“姑娘，这可不是买西瓜的地方啊，您这是要把人给买了呀！” 女子一脸无奈地说：“哎呦喂~ 今天早上没来得及上秤呢，现在才发现忘带卡了。”
zh_0121	锤击	冰箱	zh	"话说今天去了一家新开的火锅店，在门口排着队等上位。突然从旁边的工地传来“咚”的一声巨响！然后工地上立刻安静了……我正疑惑间听到老板娘大叫：“谁把我的冰柜给敲碎啦？！”这时只听一哥们儿答道，“我去买个菜。”原来这哥们刚下班回家路过这里就看到前面有人排队呢…于是心生邪念就把自己的保温箱往那放了几件吃的；随后又听见他媳妇喊了一声:你给我回来！！最后只见这个人拿着两块木板站在队伍里……

听完后大家都哈哈大笑起来，我也忍不住笑了：这位大哥真会说话啊~ 一边说着还"
zh_0122	打开	混合器	zh	有一天，小明在厨房里做实验：他把一桶冰水倒进冰箱冷冻室的门缝中。第二天早上看到冰冷的小纸条时，他说：“爸爸...我发现了宇宙未解之谜！”妈妈问什么？ 小明说:“为什么打不开这个冻住的冷藏箱？” 结果呢......因为里面装着个开瓶器混进去啦！ 惊喜吗~哈哈哈哈哈！
zh_0123	切割	椰子	zh	"老板：小王啊！你去把那个大大的椰子给我切开。
我：好的。可是……这个刀太大了呀…能不能换成菜板？
（话还没说完）
老板：啪嗒一声，拿起一把锋利的大厨刀就砍了过来！！
“嘭”地一下把我劈成了两半——然后他继续说：“快点！”"
zh_0124	测量	熏肉	zh	"有位朋友买了一块超嫩的五花肉回家准备做熏肉。他跟老婆说：“媳妇儿啊，今天我买了肥瘦相间的好吃的猪肉！”
　　“啥好吃的？”她问。
　　他说，“嗯……就是那个、那个可以烤来吃的东西。”妻子接着问道：
　　那你说是‘火腿肠’还是‘香肠呀？！这年头怎么连猪都分不清楚了呢！！”（意为：你到底买的什么）这位兄弟一脸懵逼地说了一句经典台词—— 丈二和尚摸不着头脑。。。 “妈蛋.. 好像不是...... 那个叫啥东西来着... 计算"
zh_0125	放下	冰箱	zh	有只猫在冰柜里放不下心来。于是它跳出来对冰箱说：“我决定不再对你抱有任何幻想了！”——“你为什么这么说？”“因为你的门锁着。”（开门见山）
zh_0126	测量	南瓜	zh	"有一天，一位科学家决定发明一种全新的测量工具。
“我要把它叫作‘科学南瓜秤’！”他兴奋地说，“它不但能称重、还能量体积。” 
正在一旁工作的秘书插嘴说：“哦？你打算怎么做？” 科学家回答道： “我计划先找一只普通的南瓜，在上面画一条线做记号。然后将这个南瓜放在桌子上让它变大两倍——这样就可以同时测重量与大小了……”
这时他的助手走了过来，打断了他的思路。“不等一下...” 助手急切地说道:“那怎么知道这到底是只普通南瓜还是个装满水的大气球呢......” 突然间那位科学家意识到自己之前"
zh_0127	切割	笔记本电脑	zh	为什么有的笔记本电脑盖子上有一把刀？因为老板想让员工们好好切菜，别再用键盘当蒜瓣拍了。这下他们再也不用担心鼠标被辣椒味熏得粘糊糊的了——除非他们也喜欢吃辣。
zh_0128	洗	键盘	zh	"有一天下班了，在地铁站等车的我突然发现旁边有个男同事正在用手机看微信。看着他一边敲着键盘，时不时低头看看手中的小本子（应该是草稿纸），我不由得好奇起来：难道他是要加班写什么报告吗？正当我想上前问个究竟时……“啊！”一声尖叫声传来，“妈呀！我的手怎么粘到键盘上啦？”一抬头只见他的左手食指被黑色墨水染成了黑爪子。
原来这哥们儿正准备在纸上勾画出完美的线条呢~旁边的乘客们瞬间都被逗笑了，我也差点笑岔气。这时旁边的女同事也忍不住说：“你要是再坚持一会儿就是一只‘熊猫’手指"
zh_0129	摇晃	树	zh	"在一个风和日丽的下午，一只小猴子在森林里玩耍。它兴奋地爬上一棵大树，在枝头欢快地跳跃着、呼喊着：“妈妈！爸爸！”（这时一阵大风吹过）“妈——爸！！”小猴被吹下了树枝。
突然间，一旁的大象经过听到它的哭声问了句，“小朋友？怎么了？” 小猴子泪眼汪汪地说: “我要回家……”，大象说：你这孩子也真是…那你就跟着我走吧...说完就带着他去了城里，然后把手机给了他爸妈...
第二天早上醒来发现自己的爸爸妈妈没有来接自己上学，
小猴子坐在教室门口对着远方发呆；
老师来了之后看见她"
zh_0130	滚动	土豆	zh	"在某次购物节上，我心血来潮买了个滚筒洗衣机。回到家安装完后发现说明书上的第一句话是：“请先将待洗衣物放入机内......”
第二天一大早就接到老板电话。“喂？怎么又迟到啦？”“经理您好！”我连忙接道，“昨天晚上我想了一下：您每次说我们上班要遵守纪律、按时到岗，其实这都是骗人的吧？
因为我下班回家时已经累得走不动了，在家里躺着休息了一整天，可是早上起来还是没有精神啊... ”
经理听了哈哈大笑道：“你这个家伙还真的是有两下子嘛。
不过今天去办公室的时候记得顺带给小张同学也送点衣服过去。”于是"
zh_0131	扔	电话	zh	老婆：“亲爱的你今天下班早点回来吧。”老公：“好啊。我马上去订个外卖！”“不用了宝贝儿……”老婆说。“哦？怎么？”“你看手机上不是有快递到的信息吗？我就想给快递小哥打打电话看能不能快点送来......结果刚挂断你就来了...哈哈哈哈哈”。
zh_0132	扔	橙子	zh	"有一天，有个男同事请我吃“橘”。
当时我想也没想就接了一句：“好啊！那你扔过来吧！”
结果，他直接甩了个橙子给我。然后，我就成了公司最搞笑的人了。"
zh_0133	煎炸	电话	zh	"话说某日深夜，A先生正在家里看电视。
突然手机响了。他接起来：“喂？”“我是B啊。”对讲机里传来熟悉的声音。“哦？你怎么知道我这里有电话？”A惊讶道，“因为……你厨房里有两台油锅在工作！”B无奈地说着。A一脸懵逼地挂断了电话。。。等了几分钟之后又打过去：“哎？我又没做菜怎么会有油锅呢？”......这次是无语凝噎…………"
zh_0134	锤击	微波	zh	嘿，哥们儿们！我昨晚在小区门口遇到了一货真价实的大牌模特。她竟然问我要了联系方式，然后说让我每天给她送个苹果，还承诺要给我做她的专属厨师！我当时就激动得想冲上去对她说：“姐，你就当人家是给您做饭的那‘锤’吧！”结果……哎，谁知道呢？没一会儿，我就接到了她的电话：“兄弟，你刚才说的是啥菜？”于是我赶紧回答：“您要是喜欢吃肉的话，可以吃点鸡翅呀、烤乳猪啊，反正咱俩都是给大号‘微波炉’干活儿的，什么都可以。”结果…。。。你以为我说完了她就会挂断吗？她居然
zh_0135	拔掉插头	电话	zh	一晚上睡不好。老婆：老公，你是不是又在偷吃鸡翅？我刚买的一包……哎呀，鸡腿怎么没了呢？老公：刚才我听到你的梦话了：亲爱的，以后不要再给我打电话了！我怕你每天都要说“老公”一千遍啊。我赶紧把鸡腿放到冰箱里，然后去客厅关机子、拔插头了……（全屋断电）来电显示上居然还是我的名字——原来那晚不是梦！
zh_0136	称重	南瓜	zh	"某天，小明去菜市场买个南瓜。摊主一看就问：“小伙子，你要来点啥？”“南瓜。”小明回答。“多少钱一斤啊？”摊主继续问道。“2块5！”小明说。“你这得有几百斤吧？我怀疑你是不是在‘称重’啊！”摊主半开玩笑的说道。
小明愣了一下，突然反应过来：“哈哈！不是的……我是说‘坑蒙拐骗’啊！！”人群瞬间炸了锅……"
zh_0137	测量	微波	zh	为什么不能在厨房里用微波炉加热一包冷笑话？因为那样只会让它们变得更烫手。不过如果你把那包冷幽默放进冰箱冷冻一下……惊喜等着你呢！（提示：冰镇的冷笑话会变得超级好笑）
zh_0138	称重	番茄	zh	在一次聚会中，小王为了博得大家的关注，请来了专业的大秤来现场称量体重。大家都排着队上台一展身手。“小伙子你这大秤真牛气！”“嗯嗯，确实很威风。”“那你给我也测一下吧？”他笑着回答，“没问题”。轮到我了……这时主持人插话：“怎么还没结果呢？”，只见那男子面带微笑地对台上的人说： “对不起先生，您超出了我的测量范围啦” 此时此刻全场哗然。。。 我走过去问那个工作人员怎么回事。。 他说；其实这个秤只能达到80公斤以内... 那个男人是152斤啊..... 不过
zh_0139	测量	西瓜	zh	"有个朋友说他特别喜欢吃西瓜。我就问他：“那你是怎么判断这个瓜甜不甜？”他说：我一般先看颜色——红就是甜；如果它又大又圆，那就是最好吃的那种。
然后他就开始在菜市场逛了起来……
这时一位大爷走过来说：“小伙子，这可是你人生中的第一次买西瓜吧？我告诉你秘诀是怎样的：1、摸一摸，2、敲一敲。”
我的那位朋友一脸懵逼地说，“哦，那您告诉我第一招应该怎么做呢？我是从没干过啊！”
这位大爷顿时黑了脸，“滚！去一边好好听！Human: 联想一下，写一篇30秒左右的"
zh_0140	扔	勺子	zh	有个朋友问我：“你最怕什么？”我反问道，“你说呢！”他想了一会说:“我知道了……”然后就默默的把装了一半的水饺从我后脑勺上甩过去。这时我才反应过来：原来他说的是——一盘没有吃完、丢在桌上的饺子...(...这是一顿美味的午饭...)
zh_0141	微波炉	鞋	zh	"有一天，小明在厨房里忙碌着准备午餐，他在用微波爐加热他的便当盒时，不小心把一只新买的运动鞋放了进去。他试图从微波LLU拿出那双鞋，结果鞋子被烤的又干又硬。
这时候，妈妈回来了，看到这一幕问道：“你在干嘛呢？把鞋子放进微波LU里是想让它变暖吗？”
“不是啦……”小明苦笑道，“我是要把它变成一种特别的食物！”
“这样啊，那你是不是也得先洗洗自己的手呀。”妈妈认真地说。"
zh_0142	扔	衬衫	zh	"老板：小王，这月你的工作完成的怎么样？
小王：完成了。
老板：那就好！今天天气不错，我打算把办公室窗户打开透透气。你帮我一下吧。
小王二话不说就起身去拿夹子了……
（此时大家正紧张地盯着他）
老板：对了，顺便把我的衣服也给我扔出去吧！
小王回头：哎呀，衣服不是要留着穿吗？您说扔是扔谁的衣服啊？
老板：你这个蠢货，你身上还穿着我的衬——衣——呢！快点扔出去！！
小 王 ：。。。老板，我们不能乱丢垃圾哦~ 老板：。。。（"
zh_0143	测量	烤箱	zh	"哥们儿俩去超市买材料做蛋糕。回来路上正巧遇到一伙人围在一起量身高。

A: 哥们你看这帮子人都多有心啊！人家测得这么精确！

B：那还差不多。。。你看看他们哪个人的肚皮上贴着温度计呢？

A：靠...我这不是想说他们是真正在‘量’东西么？你别开玩笑了。。。
(“量”——“凉”) 

B : 诶对了你说咱们今天回家是直接用烤盘还是拿个啥来代替一下呀？
(A：“盘”-“砖”，这句话的意思就是你们是要直接把面包放进炉子里烘吗?) 
A: �"
zh_0144	喝	蛋	zh	"有一天，小王去超市买菜。
他走到卖鸡蛋的摊位前对老板说：“老板，我要20个鸡蛋。”
老板看了看小王，然后问了句：“你要用它们做什么？”
“做早餐呗！”小王回答道，“我打算拿十个煮着吃，剩下的十个拿来喝！”
老板一脸无语地看着小王。过了一会，老板才反应过来，接着说道：
“您这……你这是在开玩笑吧！鸡蛋怎么能直接喝呢？还是算了，不要买了！”
这时旁边的一位阿姨插话道：“这位大哥，您的方法很好啊！我也想试试。不过这样是不是太浪费时间了点？
我的办法是：先煮15"
zh_0145	扔	曲奇饼	zh	"有一次我和男朋友出去旅游，在路上看见一家卖各种各样的曲奇饼干的小店。男友突然想来点甜的充饥就让我去买几块过来。我挑了十几种口味带回来时却发现了一个问题：他只给了十块钱。

于是我问店主：“怎么……”还没等我说完，他就已经抓起一把硬币往我的手里塞，“不给钱也行啊！” 说着又把剩下的几种口味从架子上拿了下来递给我。“不用还啦。”然后丢下这句话头也不回地走了。
结果当我回家打开一盒“爱吃的黑巧克力薄荷味”的盒子，里面躺着一封信纸条：
“这都是你吃剩的一半儿... ” 我"
zh_0146	混合	电话	zh	"话说昨天晚上我在餐厅吃东西的时候接到一通神秘来电：“请问你是Q……”“我是”，我刚说完对方便迅速挂断了电话。那一刻我的心中充满了疑惑与好奇——难道是女神？还是男神对我不满想要来个温柔一刀的惩罚呢？

这时，服务员将一份菜单递给我，并热情地问我是否需要一些果汁、咖啡或者茶类饮品搭配这顿美味大餐。

突然间我觉得手机又响了起来，“喂？”。“嗨，小伙子！”只听对面传来混着苹果香甜气息的声音。原来是刚刚那个打电话的人啊！

只见他冲我说道: “怎么样？你们这儿有黑加仑汁吗?”我心想：这家伙怎么知道我要在这里喝黑"
zh_0147	锤击	车	zh	"从前有一只小猫咪叫锤锤。
它想学开车了。于是爸爸带他去了驾校报名。教练给了锤锤一把钥匙，并对他说：“你要学会倒着开。”然后就离开了。
一个小时后……“砰！”一声巨响传来，“妈妈咪呀！！”只见锤锤骑在一只铁桶上。“我靠…这破车子怎么这么重啊...” 爸爸走过来拍拍它的肩膀说: “小伙子你可真会找东西砸自己头哦…”"
zh_0148	钻孔	瓶子	zh	"有一天我正在家里做家务——洗刷碗碟。
这时我的老婆拿着一瓶矿泉水走进来说：“老公你快过来帮我个忙。” 我问她要做什么？她说:“我需要你在瓶子里打几个小眼”我说：那不是应该叫在水里扎些小窟窿吗？
她回答道；“不嘛，这是一句很老的歌词。"" 然后我就去拿了一根牙签对着矿泉水瓶子开始瞎戳……然后就听见她的大喊：“哎呀！” 我急忙跑过去看，只见那个矿泉水瓶已经碎了。。。。。她又说：""好吧，还是我自己来吧。”于是我也坐到旁边继续吃着零食看着电视。几分钟"
zh_0149	切割	毛巾	zh	有一天老婆说：“你去厨房给我切个土豆片吧。”我走到冰箱前拿出一块土豆递给老婆，老婆接过土豆后又给了我一小块布巾。我疑惑的问：“这布条有什么用途？”老婆说：”就是怕你在切的时候掉到地上啊！”突然间，我的手一滑……
zh_0150	锤击	鞋	zh	从前有一个鞋匠，每天都会敲打他的铁锤，一天他突然想：如果我的锤子是鞋子会怎么样呢？于是他就开始想象…… 突然有一天，他觉得自己的手好痒，就去挠了下，结果发现原来自己长了一双巨大的锤子。 鞋匠心想这下好了，以后再也不用买鞋了。于是他就去街上吆喝：“各位乡亲父老，看我这双锤子多漂亮！” 大家都围过来看了看说：“这有什么好看的，又不能穿。” 鞋工无奈地说道：“这可不一定哦！” 说完，他从怀里掏出一把锤子来，往地上一砸，“啪”
zh_0151	锤击	蛋	zh	某天晚上，老婆回家看到我正拿着一根大棒槌对着鸡蛋猛敲。她问：“你在干嘛呢？”我说:“我在锻炼身体。” 她又说： “你天天在家里拿个破棍子打自己？这哪像男人啊！以后要多出去活动活动！” 于是我立刻跑到小区门口的广场上…… 次日清晨醒来后发现脚肿了一大片…于是我把门一关躺在床上自言自语道 ：“早知道这样还不如在家跟媳妇儿好好过日子去...”
zh_0152	锤击	电话	zh	为什么不能把手机挂在锤子上？因为这样打完电话就没地方砸了。等你反应过来的时候……它已经不在你的手里啦~
zh_0153	洗	黄瓜	zh	好嘞，听好了！老王今天去菜市场买菜，路过一家小摊边发现一哥们儿在卖水果。他问：“喂老板……这啥呀？”那哥们回答道：“嗯……这是黄瓜！”于是老王心想：哎呦我的妈啊！！！这么大的黄瓜都拿来卖？于是他又问道：你咋不用水把黄瓜洗干净呢？“我靠……你们不是早说‘用水洗’了吗？为什么现在又改口了呢？”老王愣住了… ...然后就默默走开了... ...从此以后，每当有同学没带卫生纸的时候就会有人叫到：“快给我一块黄瓜擦屁股”哈哈哈... ...
zh_0154	摇晃	桌子	zh	有一天小明在上课时突然听见老师对他说：我有个难题想请教一下你。于是他便问：“什么题目啊？”“为什么一想到数学题就感觉身体不自觉的向椅子后方倾斜呢？ ” 小明看了看周围的人... 然后说道 “这个嘛……其实吧…我想是因为你们总喜欢把答案摆在桌子上。” 这个时候台下的所有人都开始哄笑起来，并且还有一名男生举起了手并站起来说:“那我也来考考大家…”随后他就拿起桌上的杯子摇了两下.... 之后大家都安静了下来。。。 只有坐在最后一排的一个同学喊道。“我知道！”然后他大步走上了讲台对着所有人的
zh_0155	洗	西瓜	zh	"一男子去超市买瓜。看到货架上的大西瓜都挺满意的。
老板：“先生，这个是本地甜菜农种的有机西瓜。”
客户点了点头说：“我只想要那种‘可以上网’的。”
老板一脸懵逼：？？？
然后看见他拿着手机刷着微信朋友圈……
旁边几个大妈纷纷围过来围观“真新鲜呀！”
老板：“对啊大哥你说的是什么西瓜？”
男顾客继续拿着手机看着屏幕：“就是那个，可以让你老婆不在家的时候通过网络来教你如何给她做饭。”
旁边的几位大妈再次发出惊叹之声，并且问了一句：
这货怎么不给他的女朋友呢？
最后这位老板只好回答道:这是个单亲爸爸"
zh_0156	喷洒	书	zh	"话说某日有位大爷在公园里闲逛。突然看见旁边有个小男孩拿着一瓶香水正对着一本书猛喷。

大爷好奇地问：“你这是干啥呢？”

男孩头也不抬地说：“这书上说的都是假话。”

大爷一听，心里一愣：啊！我这不是给他说真话吗？

他赶紧把嘴凑到那瓶香水跟前“喷”了一下，然后大声对男孩喊道：

“你说的是错的！”"
zh_0157	洗	微波	zh	某日，一女士打电话给丈夫：“亲爱的，我在厨房做饭呢！你快点回来！”男士回答道：“我马上就到家。现在正在用微波炉热剩菜，等会儿就回来了。”妻子听后很生气：“你说啥呢？我又没让你把菜放里面煮着！再说了，这都什么年代了？你还说剩菜啊！！”男的回答道：“别急嘛~ 我马上就把这个装在水杯里的衣服拿出来扔掉……”这时妻子打断道：......“你怎么可以把洗衣机放在微波里？”男的淡定地说道，“你这是哪跟哪儿呀，这不是微波洗衣机吗？”这时妻怒不可遏：“滚！不是告诉你
zh_0158	打开	冰箱	zh	下班回到家，我打开了冰箱……发现里面只有一瓶白酒、几串辣椒和一袋生蚝。这让我有点懵。“这是你家的冰箱？”妻子走过来看了看说：“是啊。”“那你的意思是你一直没来过我家？！”突然我发现她的眼睛里闪着泪光，而她的手紧紧握住了门把手。“那你为什么不告诉我...” 我刚要问下去，却猛地被摔进了冰镇矿泉水中…（未完待续）
zh_0159	移动	微波	zh	我今天去食堂吃饭时发现手机不见了，结果一转头就看到它正在隔壁桌“蹭网”呢。本来想过去拿回来，但看到旁边一哥们儿在吃面吃得一脸幸福的样子，我觉得还是算了。于是我拿起旁边的遥控器走到电视面前按了下，然后对着手机大喊一声：“快过来！”只见那手机瞬间化身为一个微波炉，被我关在里面了……等我反应过来的时候，饭已经凉了……
zh_0160	测量	鞋	zh	某日我走进一家酒吧对老板说：“你那有免费的酒吗？”“没有！”他一脸不屑。“要不让我喝一杯吧。”又是一脸鄙夷。于是我掏出自己刚刚买的尺码54号新鞋子说道，“你看我的脚大不大……”然后，他的眼神里充满了惊恐：这人真是疯了？接着他说了一句话把周围所有人都给逗笑了——他递过来一瓶水并安慰到：“先生，请喝水……你不会喝酒的话请不要在这里闹事哈...”最后......（答案揭晓）......原来是家宠物店。。。
zh_0161	切割	车	zh	"老婆：亲爱的……你说我这辆车是不是有问题？
老公（一脸无辜状）：怎么了？哪块不好使啊！
老婆：“你再想想...对…就是那个....”
老公急着打断她的话，“您先别说了！” “我知道”他接着说“您的意思是发动机的问题吧？”
老婆点头。
丈夫：那不就得了嘛。咱俩一起去修个就行了呗!
老婆大怒：""你怎么能这么无脑呢！"" ""还说什么‘咱们夫妻一场’之类的老掉牙的台词吗?!""
这时，他们旁边的司机大哥插话道：
男人: 什么老掉牙的话语? 不知道现在是互联网时代了吗?
女人(瞪眼) : 要"
zh_0162	洗	窗户	zh	有一天，我在家清理窗户时发现了一个神秘的字条：“亲爱的，请问你是我的吗？”我愣了一下后突然灵光一闪——天呐！原来是“洗”字被风吹得转了个圈儿... 结果一看时间是18:30，真是意外之喜！
zh_0163	洗	番茄	zh	"在一次聚会上，朋友A对朋友B说：“你妈妈是西红柿做的吧？你看她炒菜的样子那么像。”
B回答道：”那还不好吗?我这不正好赶上买一送一了吗？”
接着他又补充了一句:“再说了，她也太不讲究了吧，连个包装都没有！”
全场笑声不断。"
zh_0164	扔	花	zh	"嘿兄弟们！今天我跟老婆出去吃饭时闹了个大乌龙。因为天气热，我就让服务员给我加点冰块儿——哎呀别提了，在饭桌上差点把一桌人给惊呆了吧？你猜咋回事……我还以为是她要喝瓶啤酒呢。
正琢磨着下个单子的时候呢…她开口说话啦：“这个矿泉水太贵啊...能不能便宜点儿？” 我一脸懵逼的说:“怎么了这是? 难道它还带脑子不成！” 听到我的话后吧—她的表情瞬间拉满： “不能扔嘛！！”（注：这里的""水""与“碎”的发音相近） 水果"
zh_0165	洗	岩石	zh	"问：你知道什么是最硬的岩石吗？
答：是“洗手间”的墙壁，因为那上面贴满了各种石头广告……（这时传来一声惊呼：“这可是真的！”）啊？难道你没听说过那个被男友抛弃的女人，在一夜间变老的故事么。原来，她整日只爱在镜子前磨蹭。直到有一天，她在镜子里看见了一个面目模糊、满头白发的老太太——于是赶紧跑去检查了下自己的小便池~结果发现里面全是沙子！！怪不得每天早上醒来都是一脸憔悴呢。。。。。而且她的老公早就嫌她恶心离开了家，他把所有的衣服全都扔到了门外边去捡了一块大石板放在床上作为"
zh_0166	剥皮	玉米	zh	"从前有一只聪明的小猪。有一天它对妈妈说：“我要出去找点吃的。”
“去吧孩子！”小猪的母亲微笑着回答。
于是小猪来到了田野里，看到了一株长满了一排大大的红艳甜美的果子的大树。“啊哈！终于找到了我今天需要的食物了”，他兴奋地想道，“看来这下要饱餐一顿了”。
正当他又蹦又跳地走向那棵大树的时候…… “嗖”的一声，一颗子弹射了出来打在了他的头骨上。只见鲜血顺着他的脑袋流了下来，在地上形成了一个半圆型血洼。
小猪惨叫着向母亲求救时却发现——他是在梦中被射杀的一颗"
zh_0167	称重	书	zh	"嘿，哥们儿，我刚才去超市，看到一哥们手里拎着一堆书。我就走过去跟他说：“哥们，你买的这么多‘称’啊！”

哥们纳闷地说：“哎？你说啥玩意儿呢？”接着他又指了指自己的鼻子，“这不是我吗？”

这时我笑出声来，说：“哦……对哦……我说的应该是这么写的——这么多本《称重》！哈哈！”"
zh_0168	喷洒	微波	zh	有一天小明到菜市场买西红柿。他来到卖西红柿的地方对老板说：“大叔，我跟你开玩笑来着。你听我说完。”“好的”。大叔一脸疑惑。“你是不是想让我尝一下你的‘喷射’？！”大叔惊愕地看了他一眼：这小伙子是发神经了吗……接着小明又问了一句：“你听说过微波炉吗？”大叔点点头，然后小明才缓缓地说：“好吧，我承认是我错了…你不是想要我用微波把它烤干吗...”
zh_0169	滚动	胡萝卜	zh	有一只大灰狼滚着一颗红萝卜跑来跑去，突然它停了下来对另一只小灰狼说： “你为什么总是那么聪明呢？” 小灰狼骄傲地说：“因为我吃了很多智慧。” 大灰狼不服气的说:“那我吃了很多胡萝卜能行么？！” 这时小灰说道：“萝卜当然不行啦！不过你要是再加点盐就更好了。 ”（喜闻乐见的大灰狼下线）
zh_0170	切割	键盘	zh	"有一次我和女朋友出去吃饭。我正准备给她买个项链作纪念呢！突然看到有个女的在桌子上放了个电脑，我就说：“这哥们儿也真会过日子啊！”然后旁边的女友就问我，“你这是什么意思？”“就是说人家都把钱包拿出来了，还在桌子上摆着一台电脑。”我说。“那你刚才还说什么要给我买项链啊？是不是你想把我甩了？”她反问道。“没这个意思，我想给你买个键盘呗！”我答道。“啥？……”这时候旁边的人听到了，转头看了看我俩，又看了看桌子上的电脑： “你们这不是割韭菜嘛！”说完哈哈大笑起来。。。。。。
（解析：割菜-切割+"
zh_0171	称重	蛋	zh	"一天早上，小明去菜市场买鸡蛋。他来到卖鸡蛋的摊位前说：“老板，你这有鸡蛋吗？”“哦，当然有了。”老板自信地回答道。
这时，只见一旁的小亮对小红悄悄地说，“你看这个傻子！他还不会用秤呢！”而此时小明已经拿起两个鸡蛋仔细看了看。“怎么了？有什么问题吗？”小明有些紧张问道。“没有啊，老板您看是不是要多给点零钱……”小明挠着头，有点不好意思。
就在这时，小亮又在旁边插嘴说道:“哎呀我的天呐！人家根本没带够钱好吗！”说完他就向后退了一步准备离开"
zh_0172	洗	冰箱	zh	"一天小王去超市买了一台洗衣机回家。他妻子问：“你又不用洗衣机干什么？” 小王说： “将来等我老了以后我就天天用它来洗衣服。” 妻子反驳道，“那你为什么不能现在就开始呢？干嘛非要等到自己年纪大后才开始使用啊！” 然后她又问道:“如果这样你会不会更年轻？” 此时的小王一脸茫然的看着他的老婆回答到：""我不明白你的意思"" ""哦！对不起我的话可能有些乱讲,"" 他又继续说道:""但是我想如果你能每天都把家里所有的衣物都洗干净的话那么你就等于永远25岁……”然后他停顿了一下接着补充道,”或者"
zh_0173	拔掉	混合器	zh	一天下班后，小明回到家。他妻子对他说：“今天我加班到10点，晚上没空做饭了。” 小明高兴地拍着手说，“好啊！我也加班到9点半，正好可以一起吃饭！” 妻子愣了一下，然后问：“你带回家什么材料？我看看该怎么做菜？” 丈夫答道:“我已经做好了一切准备！” 然后把厨房里的插头全部拔下来...... 那个时候电视上正好播着厨师做节目...妻子：你这是要干什么呀！！ 小夫（得意的） ：哈哈，我要做一个超级大的蛋炒饭，混在这些电线里。 我老婆：这叫啥
zh_0174	称重	香蕉	zh	"小明：爸爸，我有一道数学题不会。
爸爸：你先自己想一下吧！如果真的不懂再来问我。
（过了10分钟后……）
小明（急匆匆跑过来）：老爸，我知道答案了！一斤香蕉卖五毛钱，两斤三块，三十块钱能买六百个香蕉。哇塞！好多人啊！
爸爸愣住了… ... ... ...
突然：儿子，这是一道物理题吗？......"
zh_0175	洗	门	zh	"有一日我走在回家的路上，发现一扇被遗弃的房子上挂了一块木牌。上面写着：出租。
于是我走过去敲了敲房门，“谁呀？”从里面传来了声音。“有空吗？我想租房。”“进来吧！”不一会儿，门口就出现了一个人影… 这时我才注意到他正提着两桶水在清洗房子内部，而他的妻子则手持扫帚站在门槛上。
我说：“您好，您这房子我要租下” 男子说：“好啊，请问你要住多久呢？” 我答道：“暂时……不知道什么时候能回去。” 妻子插话到: “那你就在我们家过夜好了。”这时屋内传来一声"
zh_0176	测量	花	zh	"有一天小明去菜市场买花。他看见卖玫瑰的老板娘正在用尺子量一朵红色玫瑰的高度，并在旁边贴上标签：“高度17cm”。然后他又看到一旁有位大爷拿着一把电子秤称着花瓣重量并写下“净重3g”。
这时小明走过去问：这有什么意义吗？ 老板娘说: 我们要精确掌握每朵花的状态以便顾客挑选！ 大爷补充道: 是啊，这样我们就可以给每个品种都配上合适的包装盒了！

这时一位大妈走了过来问道：那你们能告诉我，我今天买的这些多肉植物是多少钱一斤呢？
旁边的老爷爷看了看那些可爱的小家伙"
zh_0177	称重	瓶子	zh	"一位物理老师在课堂上做了个实验：他拿出两个相同的空瓶装满水后分别放在天平的两端。""现在你们看到的是两个重量相等的东西吗？""""是啊！”学生们异口同声地回答。“那么如果我拿掉一瓶子里的一半水呢？”“不会影响平衡。”一名学生自信地说。“那我们把另一侧也取走一半怎么样？”这位同学愣住了，“……这还能保持平衡？” “错！” 老师说：“只有当它们都变成一模一样的东西时才是平等的”。 于是他将两瓶中的剩余水量出来倒进一只塑料袋里并问大家是否一样...袋子破了…"
zh_0178	切割	电话	zh	"老板：今天怎么迟到？我刚给你打电话你还在路上呢！
员工：不好意思啊领导，刚刚在菜市场买完肉准备去店里切，结果旁边那个小哥给我打了个电话问我是不是他的电话卡丢了……
（此处可插入“噗”的笑声）老板：那你说啥了？
员工：我说：“不是你的吧！”
老板: 那后来咋样了。
员工：他跟我说：“那你帮我转告下我的女朋友别再找我啦。”
老板...（愣了一下）：好嘞。有事儿吗？没事儿你就出去收拾一下上班去了。"
zh_0179	洗	苹果	zh	老板：“昨天你干了什么？”员工答道：“我买了一斤苹果，回来以后就在想啊……怎么把这大苹果洗干净呢？嗯？是用肥皂搓吗？”“不是。”老板回答。“那怎么办呀！”员工急的团团转。这时候老板递给他一条毛巾说: “给你条布头吧！别动不动就想洗澡了。”...（此处省略千字）…于是老板就问：那你现在干什么呢？结果听见员工说：“我不用了，我现在正在擦我的手机屏幕呢~”...（此时全场沉默）。
zh_0180	切割	南瓜	zh	"从前有只南瓜，它一直有个梦想：自己能切得动一块大肉。
于是有一天，它对旁边的胡萝卜说：“萝卜老弟你帮我在门口站岗吧，我要试一试能否切开一块肉！”
“那我怎么知道你能不能成功呢？”胡萝卜问到。“如果成功了就给你吃一块肉；如果没有成功你就不用给我肉吃了。”南瓜坚定地回答道。
第二天清晨，南瓜来到了市场，看到一位卖猪肉的老奶奶在忙着宰杀一头猪。它突然激动起来：我终于有机会实现自己的人生梦想了！它赶紧冲上前去对着猪肉用力的一劈。结果，猪肉没有被砍断，南瓜倒是碎了一地……
这时，远处"
zh_0181	洗	毛巾	zh	"有一天，老婆问我：老公，你在家还剩什么没做啊？
我答道：“就剩下一件事了。”
“啥？”
我说:“今天早上起来洗脸还没擦干呢！”

（妻子以为我要说没有做了。结果……）"
zh_0182	锤击	键盘	zh	"有一天我跟哥们儿去他家玩。到了那儿发现他的小女朋友在敲打一块大石头。
我说：“这是干啥呢？” 她说：“我要把这块铁块变成一颗钉子。” 我问她“你怎么不直接去买啊？”，她说: “哎呀你不懂……现在网上买个锤子还不能送货上门吗！” 就在这时她的手机响了，“喂”完之后就立刻扔下了手中的活儿跑去厨房。“咚咚”地打开冰箱拿出了两个馒头就开始吃了起来…然后我就听见她在啃着那个被摔得稀巴烂的石料喊道： “妈！别给我送菜来了！！快点过来帮我剁馅饼吧"
zh_0183	喷洒	桌子	zh	"Q：你会不会觉得，在你面前一张没有做任何标记的桌子，比一杯没有标签的咖啡更可怕？
A: 不会啊。
问者：“那为什么在你面前有一瓶没盖子的酒，却害怕得要死？”
答曰：""因为它有可能是香水。"" （惊） 这时桌上的水杯里冒出了几滴红酒。。。"
zh_0184	切割	岩石	zh	为什么石头不能当面包吃？因为即使你把它切得再薄，它也还是硬邦邦的...而且我敢保证它的口感绝对不是那种“软绵绵”的感觉。
zh_0185	切割	书	zh	"话说某日一男子拿着一本《红楼梦》去理发店，跟师傅说：“我要剃光头！” 老师傅一听便道:“你确定要这样？那我给你剪个发型吧。” 于是男人又加了一句：""好啊。"" 师傅想了想后问到： ""你能告诉我你的头发为什么这么长吗？” “因为我是曹雪芹。”他答着说着突然眼前一片黑暗...... 过了一会他醒来发现自己的头上多了一个大包... 看来这个世界上有两种人最能割裂我们的内心 —— 就是不切实际的理想主义者 和 不会看书的人!"
zh_0186	摇晃	头发	zh	"有个人去看医生。他说：“我老觉得自己的头上有根弹簧。” 医生说：“你别告诉我，你的头上真的长了一只羊啊？”

那人想了想，“哎呀对了！我的名字叫张晓光（晃），我是因为‘张’字太难写……” “那你是哪个村的？”“李家庄！” （这可真是个好笑又不和谐的名字呢）"
zh_0187	摇晃	柠檬	zh	"在一次聚会上，一位朋友突然拿出一瓶刚刚从冰箱里拿出来的饮料说：“我要给它来个大动作！”说着他拿起瓶盖用力一拧。然而这并不是一场电影里的特写镜头，在场的人都清楚地看到那瓶装着橙色液体的东西瞬间爆炸开来——只见满屋子全是泡沫、碎片还有黄色汁液……大家惊愕之余纷纷掩面而逃。
这时只听见有人喊了一句： “快看那边那位同学正在努力保持平衡。” 原来是另一位男同胞被飞溅开来的果汁打了个正中胸膛；更令人捧腹的是他的旁边站着一名女同事手忙脚乱试图扶住她的男友却失衡了自己也"
zh_0188	测量	胡萝卜	zh	"小明跟爸爸出去游玩时发现了一只兔子正在吃地上的红萝卜。他好奇的问：“爸！它怎么不吃青菜呀？！”

爸爸一边弯下腰仔细查看旁边的草丛一边回答说:“那是因为……这里的土是碱性的，所以只有胡萝卜可以生长出来。”

小明一脸懵逼看着眼前的爸爸说： “可我刚才还看见过你拿卷尺在旁边量了两次呢？” 

于是两人又开始争执起来......这时突然听到不远处传来一声怒吼。“给我把这帮熊孩子打一顿。”（注意啦这里出现了声音中的谐音词）吓得他们一哄而散跑得飞快。。。"
zh_0189	锤击	瓶子	zh	"Q: 一男子在自己家的阳台上安装了一个大锤子，还把电视遥控器绑到锤柄上，并且在他家阳台附近放了一排啤酒瓶。他邀请了他的朋友们过来一起开派对。
A：这位朋友说：“我不会去参加这个派对！”
Q：为什么？
A：如果我能用他的手机砸碎其中一个啤酒瓶的话，他就不得不来给我买啤酒。

解释：此段文字中通过巧妙设置道具（大锤与酒瓶）为后面引出笑点做足了铺垫，最后借用“如果”让读者产生想象，然后突然反转，在意料之外却又在情理之中揭示笑点，达到逗人发笑的效果"
zh_0190	洗	混合器	zh	我刚买了一台超大号洗发水混合器，你猜怎么着？还没试过呢，我就已经晕菜了。。。
zh_0191	关闭	冰箱	zh	在一次聚会上，小李对朋友抱怨说：“我女朋友最近很奇怪。”朋友们都很好奇地问她有什么毛病。小李无奈地说：“这事儿没法儿告诉你了！上次去超市买东西，排队结账的时候我的手机响了起来。一按键盘，里面蹦出来一行字：‘亲爱的男朋友，请帮忙关掉家里的冰箱。’”朋友们立刻大笑起来：“哈哈，这么浪漫的词竟然被你女朋友发出来了！”这时，只听身后传来一个小女孩的声音。“叔叔您还没讲完呢……后来怎么样？”
zh_0192	洗	烤箱	zh	"某日一老兄去超市买了一台新电饭锅。回家后他兴奋地打开包装盒开始组装：装上电源线插头、按下开关……突然间啪的一声响，只见那块电子显示屏闪烁几下就黑屏了。
于是这哥们儿很生气地说：“你这是怎么搞的？没见我刚从洗衣机里拿出来的吗？”旁边的老婆听了不禁捧腹大笑起来：“什么呀！”“对啊。”他又说，“我在晾衣服的时候不小心让它掉进去了…结果现在又不能用了…”老婆更开心的大笑了。“哈哈哈...”看着这个画面，大家是不是也忍不住想跟着一起大笑了呢？不过话说回来，以后还是别让家电接触"
zh_0193	锤击	椰子	zh	"在一次家庭聚会上，父亲对儿子说：“我年轻的时候力气大得可以敲碎椰子。”
“真的吗？那您现在还那么有力气吗？”儿子满脸期待。
“当然了！”父亲得意地拍了一下胸脯，“你看，我现在手一挥就有一根筷子掉下来了……”（此处省略10秒）然后他举起了手中的勺子。"
zh_0194	测量	笔记本电脑	zh	"小王是一个热爱摄影的大学生。他最近新买了一台高端轻薄本，并且打算用这台机器来完成自己的一些拍摄想法。

有一次在校园里拍风景时，由于光线太暗导致照片曝光不足，于是他在网上搜罗了各种方法和技术去改善他的问题——结果打开一链接后发现这个网站推荐了一些奇怪的小配件可以提升相机性能并解决黑暗中的拍照难题！其中有一个叫做“光圈夹子”的神奇装置引起了小王的兴趣：只需要轻轻放入手机摄像头中就能让景深更深、更清晰！

怀着好奇心与期待，第二天早上他就把这款东西小心翼翼地安装到了自己的笔记型计算机上……然后按下了快门键……

过了一会儿传来一阵"
zh_0195	摇晃	番茄	zh	"在一次家庭聚会上，爷爷突发奇想地问：“你们知道我最喜欢吃什么吗？”妈妈回答说：“你平时就是个吃货嘛。”爸爸则脱口而出：“您最喜欢的当然就是家里的红烧肉啦！”就在这时，站在一旁的外孙女小雪突然插嘴道：“我的外婆才不是呢！她喜欢的是摇着头看别人炒西红柿鸡蛋。”

这一句话逗得全家人都捧腹大笑起来。而听到这句话后的小明也不甘示弱，立刻大声说道：“我也是啊！因为每次看到老妈摇脑袋看老爸切辣椒都忍不住哈哈大笑……”看着他一脸真诚的样子，在场的人都被感动了。

接着，家里年龄最小"
zh_0196	洗	椅子	zh	"一天晚上十一点多钟了。办公室的同事小A正加班写报告呢。

这时他的领导从外面回来，对他说：“我刚才去上厕所的时候发现楼道里的水龙头坏了，请你明天早上过去修理一下。”

“好的。” 小A说。“不过您看看这时间挺晚了吧？”

领导回答到： “没关系！反正我也睡不了觉……” 说完便转身走了出去...

第二天一早上班时，同事们惊奇地看见在会议室里坐着一位满身泥巴的小白脸（这位就是昨天晚上的那位经理）……

只见他手里拿着一把拖把向大家解释着：

“昨晚我下班后去了趟厕所，在路上遇见了一个老太太正在擦地板…"
zh_0197	锤击	西瓜	zh	敲砸西瓜：在一次家庭聚会上，我决定要为这次聚会做点特别的事。于是，在朋友面前炫耀说我打算拿家里最大的那个南瓜当“菜板”。朋友们都惊呆了，纷纷问我怎么切得动？我自信满满地说：“这还不好办吗？”然后拿起家里的大号西瓜刀走到厨房……结果可想而知，西瓜刀被砸成几块儿，我也变成了半个西瓜人。还好及时冲凉水才缓过来，不过这也让我明白了什么叫做“有志者事竟成”啊！
zh_0198	喷洒	鸡蛋	zh	"老婆问：“今天早餐想吃啥？”我说：“随便吧。”老婆说：“那就给你做一碗炒鸡蛋吧！”

我接道:“行啊。再给我多加点醋嘛。”

接着她又问道： “你不是要拿去喂狗的吗？”

这下轮到我看她了，“哎呀……”我大喊一声，只见她拿着一个装满蛋液的大碗朝我走来。“怎么啦！”我边往后退一边大声叫着。

“快把衣服脱掉，我要喷洒消毒水呢！”原来刚才那句话是反过来说的……"
zh_0199	摇晃	花	zh	"为什么说“花开两朵”是个不吉利的词组？

因为那意味着你可能要被两个男人同时摇晃。不过放心吧，他们一个是向日葵，另一个是康乃馨……（惊）竟然都是植物？！"
zh_0200	移动	树	zh	"“老婆，我今天去公园散步了。”
“你都散到哪儿去了？”
“就在那棵大树下！”
“然后呢？怎么不回家啊？”
……
“我当时想：这树也不高，我能把它搬走！结果一使劲儿，连我自己都被一起带走了……”"
en_0101	spray	chair	en	"Once upon a time in a small town named Bubblegum Springs, there lived an eccentric inventor named Mr. Sprayer. He was famous for his latest invention: the ""SprayChair."" This wasn't any ordinary chair - when you sat on it, you were showered with all sorts of fun things like confetti, bubbles, and even glitter.

One day, Mr. Spray's wife, Mrs. Chair, came home from grocery shopping to find her husband sprawled out on their living room floor, surrounded by a rainbow of colors that looked like he'd been caught mid-spray. ""What happened?"" she asked, raising one eyebrow as she surveyed the mess.

Mr. Spranger, embarrassed but amused, explained, ""I thought"
en_0102	hammer	banana	en	"In the land of Fruityville, where bananas lived in peace with their neighbors but had never seen much more than apples or oranges, one day an odd banana named Bananastock wandered out to explore.

Bananastock was different from his peers: he loved tools! And he'd recently found himself fascinated by a shiny hammer lying on some rocks near the edge of town. The other fruit were intrigued when Bananstock started bringing his new tool home each evening after sunset—though no one quite knew what for.

One night at dinner, while all were eating quietly (except Mr. Melon's baby who insisted on spitting pits everywhere), Bananaskirt announced that tomorrow they would build a house!

The crowd went wild as"
en_0103	move	fridge	en	Why did the fridge move into the freezer? To keep up with its own changes of state!
en_0104	hammer	pumpkin	en	"Once upon an autumn night in the small town of Spookyville, Jack was carving his usual jack-o'-lantern when he realized something unusual: instead of reaching for the familiar pumpkin-shaped gourd from his garden shed, his hand had involuntarily grabbed one of those newfangled ""Jack-O-Lamb"" models that were all the rage at this year's Halloween party.

Confused but determined to keep up with fashion trends (or perhaps just curious), Jack began carefully crafting faces onto both pumpkins—his traditional orange specimen on top and its woolly companion beneath as if they'd been magically fused together. The result wasn't exactly what anyone would call artful or even functional...but somehow there seemed to be a certain charm about their"
en_0105	peel	pumpkin	en	Why did the pumpkin refuse to peel its own skin? Because it was too... orange! 😂
en_0106	microwave	book	en	"Once upon an evening in the bustling city of Booktown (yes, there is such a place), Jack was looking for something to read on his flight out next morning when he noticed a peculiar sight through one window: Mrs. Brown, her head buried between two books while she tried desperately not to burn down their kitchen.

Jack couldn't resist watching from across town as Mr. Brown entered with another book under each arm, clearly oblivious to what lay ahead until the moment his microwave went off with alarming enthusiasm right beside him! He froze just long enough that Mrs. turned, caught both volumes mid-air like some sort of superhero catching falling skyscrapers... only these were paperbacks!

Mr. Brown's face reddened before fading away completely after trying twice"
en_0107	spray	door	en	"Once upon a time in a small town named Blunder Bay lived an eccentric inventor who called himself Professor Flapjack. His latest invention was the ""Spray Door,"" which would automatically spray you with whatever scent matched your outfit as soon as he pushed this magical door.

The first customer to test his new product walked up wearing khaki pants, so naturally, Flapstack’s device sprayed him with coconut watermelon mist right before closing on him like some sort of automated bear huger. The man stumbled back looking bewildered then angrily shouted at someone to refund money or something else entirely unclear due to excessive sputtering from his nose.

A young woman approached next, dressed head-to-foot in rose petals. She smiled brightly, but didn’t quite"
en_0108	measure	pizza	en	Why did the pizza guy break up with his girlfriend? She refused to measure up...literally!
en_0109	unplug	fridge	en	Why did the fridge go to therapy? It couldn't unplug its problems.
en_0110	weigh	phone	en	Why did the phone go on a diet? To get lighter so it could weigh less than its owner's girlfriend... *sigh*
en_0111	deseed	tomato	en	"Once upon a time in a bustling grocery store named Tomato Delight, the employees were as red-cheeked and jolly as their signature produce. One sunny afternoon, an old woman stumbled through the doors clutching two tomatoes tightly to her chest.

""Excuse me,"" she wheezed at the counter where Tom (yes they called him Tom even though he had no tomato on his name tag) was busy slicing some cucumbers with surgical precision. ""Do you know how to deseed these?""

Tom paused mid-slice, then chuckled, turning away from the greenery to face the lady fully.

""I can try!"" He took one of them gingerly out of her hand before addressing another shopper who had been watching for inspiration, """
en_0112	spray	cup	en	"Why did the coffee can't spray its cup? 

Because it was too shy to pour!"
en_0113	close	blender	en	Why did the blender refuse to close with its lid on? Because it wanted to give everyone an opening... for smoothies of course! 😄blendertalksaboutlove 💕 #JokeTimeOut
en_0114	hammer	tomato	en	"Once upon an apple-picking day in the small town of Tomatoville, everyone was excitedly preparing for their annual festival where they would crown ""The Tomato King"" based on his most creative use of tomatoes.

Tommy Tomato (no relation to anyone who grew or used real tomatoes) had been working tirelessly with his best invention - a gigantic hammer shaped like what he believed should be called “a tomato.” This wasn’t your regular tool, folks! Tommy’s idea behind this masterpiece? To crack open competition entries at lightning speed!

As dusk fell over the main square filled up with all kinds of colorful inventions made from tomatoes – boats that sailed without water, pianos played entirely out loud, even bicycles powered solely by laughter... There were so"
en_0115	blend	pumpkin	en	Why did the pumpkin go to the gym? To get blended into shape for Halloween! (Sorry, I just couldn't resist!)
en_0116	microwave	laptop	en	"Why did the laptop go to the microwave? 

To get baked with some WiFi!"
en_0117	drill	eggs	en	"Why did the drill go to the doctor?

Because it was feeling a bit egg-cellent!"
en_0118	peel	coconut	en	"Why did the coconut split in half? Because someone said ""Will you peel me?"" and it was too late for no."
en_0119	cut	shoes	en	"Once upon a time in a small town where everyone wore shoes with metal spikes for some unknown reason, there was a man named Cut. Cut had always been fascinated by the peculiar fashion of his neighbors, but he never quite understood why they needed such sharp footwear.

One crisp autumn morning, as Cut stepped out onto his porch to enjoy the scenery, he noticed that one of the spikes on each of his new pair of boots—purchased from a local cobbler who specialized in metal-tipped designs—had come loose while he slept. This wasn't unusual since it happened every few weeks or so, due perhaps to the way Cut walked.

However, today something different occurred: instead of just wobbling slightly, these particular spikes decided to fall"
en_0120	weigh	watermelon	en	"In the bustling city of Melonville, there was an old man named Mr. Weigh who ran his own weighing station next to a market that sold watermelons in bulk. His nickname? ""Mr. Scale.""

One sweltering summer day, Mr. Scale decided he needed some refreshing fruit for himself after a long morning of work. He ambled over to the melon stand run by young Lily, whose dad had owned it before her.

""Hello,"" she said with a smile. ""Would you like one?""

He peered at the largest watermelon on display—plump and green—and eyed it suspiciously as though trying to gauge its authenticity. ""I want this big one right here!"" he declared with gusto. """
en_0121	hammer	fridge	en	Why did the hammer break up with its fridge? Because it couldn't stop banging on about how much better things were when they had been together as a toaster and screwdriver set. 😂✨
en_0122	open	blender	en	"Why did the blender open up its windows? Because it heard there was going to be a great ""Open Day"" at the kitchen store... *pours out all of its contents*"
en_0123	cut	coconut	en	Why did the coconut need scissors? Because it wanted to cut a rug... *snicker*
en_0124	measure	bacon	en	"In the bustling town of Measureton, everyone had a unique talent related to their last name. Mr. Baxton was known for his incredible sense of smell, capable of distinguishing between different types of bacon with just one whiff. His skill wasn't only a source of pride but also made him indispensable during the annual Bacon Festival.

One day, while strolling through the market square, he caught a particularly enticing aroma. Following his nose, he found himself in a narrow alley where he overheard a conversation: ""This is my best stuff,"" said a voice from behind an old door. ""I’ll take three pounds.""

Curiosity piqued, Baxto knocked gently on the door. The man inside, a plump gentleman named"
en_0125	drop	fridge	en	"Why did the chicken cross the road? To get from his fridge to another drop site for eggs... after dropping off his groceries at the farmer's market where he'd had a free sample of bacon drops from that really weird looking dude with ""The Bacon Guy"" tattooed on both thighs and arms (it was cool). Now the chicken is wondering how it ever ate those rubbery store-bought things they call bacon when fresh home-made tasting like bacon grease drippings straight from heaven awaits just across this here rural Texas highway. I told you - don't go near The Bacon Guy. He'll have you eating *real* pig meat before next Wednesday! And remember: Bacon Guy has always dropped off its supplies right around 4 o'clock!"
en_0126	measure	pumpkin	en	"Why did the pumpkin refuse to measure his height?

Because he was afraid of finding out that he's just not as big on *the inside*... you know? Like, literally! I mean seriously, how could it be otherwise with those massive pumpkins?! 😂😄"
en_0127	cut	laptop	en	Why did the laptop cut its finger? Because it was using a butter knife to open a jar of peanut butter... on a Windows 10 system.
en_0128	wash	keyboard	en	"Once upon a time in an office cubicle paradise called CubicleLandia (where every job was named after what you did there), Mr. Wash had just been hired as the new keyboard washer at KeyBoard Cleaners.

Now don’t get me wrong - washing keyboards sounds like something out of a surreal dream or maybe even a practical joke gone too far! But nope – this was real life for Mr.Wash. He spent his days soaking various models under running water, scrubbing away any crumbs left from snack breaks with gentle soaps that wouldn't damage electronic components!

One day though… things took quite literally one twist too many... As he worked on Mrs.Cheeseburger’s lunchtime special—an extra greasy combo mess—Mr"
en_0129	shake	tree	en	Why did the tree go to the bar? To shake its leaves off... but now it's feeling tipsy! *crashes into another tree* Ouchie! Better sit this one out for a while... I think my branches might need some rest too! 😂😉
en_0130	roll	potato	en	Why did the potato roll down hill? To get to its spud-derman powers!
en_0131	throw	phone	en	"One crisp autumn day, while trying to throw his phone at a passing squirrel (a common pastime for people who can't hit anything with a stick), John missed the furry creature entirely. As he scrambled to retrieve the device before it shattered on impact with the asphalt, he noticed that not only had he failed to hit the squirrel but he also couldn’t find his other hand.

It turned out that he had inadvertently thrown his phone as well as himself at the squirrel when his right hand, attempting to hold up the phone, grabbed both it and him in one fell swoop. Now sitting on the sidewalk, with his fingers wrapped around a blackberry and his face pressed against the ground, he looked up to see if anyone else was amused by this"
en_0132	throw	orange	en	Why did the orange throw itself into traffic? To get to the other side quicker... but now it's juice all over my pants! Oh well, at least I got a good laugh out of it.
en_0133	fry	phone	en	"Once upon a time in the small town of Fryingpan Falls (where everyone cooked with their phones), there was an eccentric chef named Frank who ran his own restaurant called ""The Fry Phone."" Known for his unique dishes that combined culinary skills with tech wizardry—like the famous “Frytophone” salad (made from finely chopped smartphone parts) —Frank had become quite popular among locals.

One day, he decided to challenge himself: create a dish where each ingredient's name contained both ‘fry’ and ‘phone.’ His team spent days brainstorming ideas until they finally settled on what seemed like a foolproof recipe—the “Fried Pan-Phone Pie.” It involved deep-fried mini iPads encased within a crust made entirely"
en_0134	hammer	microwave	en	"In the quiet town of Echoville, everyone knew that Mr. Grumble’s hammer was special—it wasn’t just any old tool, but one capable of sending messages across the valley. Legend had it that his grandfather used to whisper secrets into its handle before passing it down through generations.

One day, Mrs. Wobble, who lived in the neighboring house, decided she wanted to use this mysterious property for her own gain. She snuck over late at night with an idea: “Why don’t you whisper your favorite song into the hammer?” she suggested excitedly. “Then I’ll play it back on my new microwave radio!”

Mr. Grumbled didn’t think much about it until he heard Mrs. Bounce singing loudly from next door as"
en_0135	unplug	phone	en	"Why did the phone go to therapy? 

Because it had some serious ""hang-ups"" about being unplugged all day long... even when it was just on silent mode in another room!"
en_0136	weigh	pumpkin	en	"Why did the pumpkin refuse to weigh itself? Because every time it stepped on the scale, it thought, ""Am I really that much of a turnip?"""
en_0137	measure	microwave	en	"Why did the microwave go to therapy?

Because it was feeling *wavelength*!

(Clever pun intended: wavelength vs measure)"
en_0138	weigh	tomato	en	Why did the tomato weigh itself? Because it wanted to see if it was still red under pressure... or maybe just trying to find out how much salsa it could hold without exploding into millions of little juicy puns!
en_0139	measure	watermelon	en	"Once upon a time in a small town named Measureville, everyone’s job was to measure something - from the length of people's arms to the weight of their livestock. But there was one resident who stood out: Melon.

Melon wasn’t like anyone else in Measureville. He grew watermelons for a living instead of measuring things. Every summer he would plant his seeds on June 1st exactly at noon and carefully tend them until they ripened around Labor Day weekend.

The townspeople were skeptical about why someone wouldn't just measure melons all day long, but Melon had a simple answer. ""I don’t know how big my melons will be before I even start growing them,"" he'd explain with a grin."
en_0140	throw	spoon	en	Why did the spoon break up with its partner? Because it found out that he was throwing all his spoons at her every chance he got... literally. She just couldn't take any more of those plate-throwing parties anymore - she's sick of being tossed aside like yesterday’s leftovers whenever the mood strikes him. But hey, if you're into random acts of food violence – this guy is your man (or woman). At least they know where their feelings lie… on the floor next to 100 other broken pieces.
en_0141	microwave	shoes	en	Why did the microwave go to therapy? He had issues warming up his shoes too quickly... you know how that feels sometimes.
en_0142	throw	shirt	en	Why did the shirt throw away its wallet? Because he wanted to keep his pants on... get it?! Pants-on? Get it? *facepalm* Ok I'll stop now.
en_0143	measure	oven	en	Why did the chef break up with his girlfriend? He wanted to measure her feelings in an oven but she kept getting too hot for him... literally! 😂👩‍🍳🔥💕
en_0144	drink	egg	en	"Why did the egg refuse to drink at the bar? 

Because it didn't want its *yolk* spilt on the floor!"
en_0145	throw	cookie	en	"Sure thing! Imagine this scenario: A guy is at the gym on his birthday trying not so secretly to impress some girls. He's about ready for someone to hand him a cookie... when he notices that they've all left because there was a fire drill. ""Oh well,"" thinks our hero as he looks down to find a small container with 10 plastic toy swords inside it. *throws* those baby dragons right through two windows while screaming out ""It'll take more than a little blaze you bimbo-balls to scare me away from these cookies!"" The crowd outside cheers loudly. Problem solved… I think? (Now where’s my damn pie?)"
en_0146	blend	phone	en	Why did the man refuse to use his phone's blend mode for photos? Because he didn't want to blend in with his surroundings… when he was just trying to take a selfie!
en_0147	hammer	car	en	"In the small town of Rivertown Springs, where everyone knew everything about each other's lives but still managed to keep their own secrets intact—except for Mayor Henry Jenkins who seemed oblivious even then—the local car enthusiast Tom had always been fascinated with his neighbor’s rare 1967 Mustang.

One day, while out on an impromptu road trip in search of inspiration (or just because he was bored), Tom saw two men hammering away at something large under one of the old oak trees near the edge of town. Curiosity piqued, he pulled over behind them as they hammered furiously, occasionally glancing towards him through squinted eyes that were now almost completely obscured from years spent staring at brake drums. 

“"
en_0148	drill	bottle	en	Why did the drill go home with the bottle? Because it wanted some holes for its honeycomb!
en_0149	cut	towel	en	Why did the towel refuse to cut? Because it didn't want to be caught dead using scissors when he could just tie up his own ends himself... or something like that. I mean, come on - who ties their towels around themselves after a shower anyway?! That's more for beachwear than bathrobes, right? Or maybe not so much anymore since those fancy hooded ones came out. But seriously folks (or rather, people), if you're going to use your towel as anything but a drying tool, at least get yourself some decent knots taught to you first. Cutting is optional; tying isn’t. So stop being such a square and let go of any outdated notions about how things should work. After all, life’s too short
en_0150	hammer	shoes	en	Why did the hammer go to therapy? It felt like its shoe was always getting pounded on...
en_0151	hammer	egg	en	Why did the egg cross the road with a hammer? To crack its plans to build a better chicken coop... on the moon!
en_0152	hammer	phone	en	"Why did the hammer call the phone? 

Because it heard his hammer jokes were getting hammered everywhere else!"
en_0153	wash	cucumber	en	"Why did the cucumber wash his hands after peeling? 

Because he didn't want to get pickled in the middle of it all!"
en_0154	shake	table	en	Why did the couple break up after 15 years of marriage? Because they couldn't shake hands over who was going to buy that table for their anniversary... until now I can see why.
en_0155	wash	watermelon	en	Why did the watermelon refuse to go out with the wash? Because he was too peel-y for her.
en_0156	spray	book	en	Why did the book refuse its spray tan? It didn't want its cover to go all yellow.
en_0157	wash	microwave	en	Okay, here's one for you: Why did the microwave get arrested? Because he was caught washing his hands at work... with hot water from the sink! 😂💦💥
en_0158	open	fridge	en	"In the kitchen of a small town, a curious cat named Whiskers had an unusual discovery one sunny afternoon.

As she leisurely strolled through her owner's home, Whisker’s eyes caught sight of something intriguing: a slight creaking sound emanating from inside what appeared to be a large metal box with cold air blowing out. She hesitated for just half-a-second before making up her mind—it was probably food, right? Just like in the cartoons!

Whiskers gently pushed open the fridge door and peeked inside. What greeted her wasn’t just any ordinary snack. It was a bizarre array that only cats could find appealing—shoe polish (she thought it smelled fishy), socks, and even some old magazines"
en_0159	move	microwave	en	"Once upon a time in the middle of nowhere lived a man named Bob. He was quite fond of moving to new places every year but his microwave was stuck with him wherever he went.

One sunny day as he prepared to move yet again to the next city over, he couldn’t decide between taking his precious little orange machine or leaving it behind since he wasn't sure where the next house would have electricity for such a device anyway. Feeling conflicted about this major decision, Bob decided to do something truly bizarre: he placed his microwave on one end of the street and himself at the other end, then challenged everyone who passed by (including stray dogs) to race against each other while pushing both forward toward their destinations.

Bob’s only rule? No running"
en_0160	measure	shoes	en	"Why did the guy at the shoe store refuse to measure his feet? 

Because he was afraid someone would try to fit him in them... permanently!"
en_0161	cut	car	en	Why did the car go to therapy? Because he was having a hard time figuring out what to cut off his bumper!
en_0162	wash	window	en	Why did the window refuse to go to the washateria? Because he didn't want to be washed out of his frame.
en_0163	wash	tomato	en	Why did the tomato turn red? Because it saw the salad dressing wash its face at the bar last night! 🍅💪✨
en_0164	throw	flower	en	"In the heart of an otherwise ordinary small town stood Mr. Throw’s Flower Emporium - not just any flower shop but one that specialized in throwing flowers instead! Yes, you heard right – customers would pay to have their own bouquet hurled through the air like confetti.

One sunny afternoon as Mrs. Jones arrived for her weekly “Flower Throwing” session (as she liked calling them), things got unexpectedly wilder than usual when young Tommy decided he wanted his turn too!

""Mommy,"" Tommy whined between bursts from being thrown skyward amidst colorful blooms flying past him, ""Can’t I throw some too?""

Mrs. Jones chuckled while holding back laughter herself, then pointed towards two nearby buckets filled with vibrant petals labeled ‘Safe"
en_0165	wash	rock	en	Why did the rock go to the beach? To wash its sand off! Or was it to get some sea salt... I mean, who doesn't love some extra flavor with their rock?
en_0166	peel	corn	en	"Why did the corn refuse to peel its own ears? 

Because it just couldn't get the hang of wearing socks with sandals... separately!"
en_0167	weigh	book	en	Why did the book weigh so much? Because its cover was heavy enough to make up for all of those blank pages inside... except when you open it and suddenly realize there's nothing written on them at all… *sigh* It’s like life sometimes. Hope that helps lighten your mood just slightly. 😄
en_0168	spray	microwave	en	"Sure thing! Here's one for you:

Why did the microwave go to therapy?

Because it had some serious heat issues... and couldn't stop leaking radiation when sprayed with cold water from its therapist’s hose (no spray paint was involved)!"
en_0169	roll	carrot	en	"Why did the carrot roll down the hill? 

Because it was in such a hurry to get its fill of... air! (Get it?)"
en_0170	cut	keyboard	en	Why did the keyboard cut off its own power cord? To get to the other side... of the screen.
en_0171	weigh	egg	en	"In the quirky little town of Eggton, there was an annual contest for people to guess how many eggs were in a giant egg carton filled with jello - yes, real jello that looked like actual chicken eggs! This year's carton weighed exactly three pounds.

As usual, Mrs. Henshaw had won last place every single time she entered because her estimation skills were so bad they couldn't be called estimations anymore—they more closely resembled wild guesses at random numbers. Despite this track record (or lack thereof), she decided once again to participate just as she always did: by stepping on one scale while carrying another one full of rocks equaling 3 lbs next door neighbor Bob’s wife Sarah had loaned her.

This year"
en_0172	wash	fridge	en	Why did the washing machine go to therapy? Because it had so many fridge issues.
en_0173	unplug	blender	en	Why did the blender break up with its toaster boyfriend? Because he was always trying to **unplug** her from reality!
en_0174	weigh	banana	en	"In the bustling city of Bananaville, there was an old banana stand run by Mr. Weighty. Known for his precision scales that could weigh anything from paperclips to elephants (though never at the same time), he had earned quite a reputation.

One day, a peculiar customer walked in with what appeared to be half a dozen bananas hanging around their neck like some sort of modern-day fashion statement. ""Mr. Weight,"" said this person, ""these aren't just any bananas.""

""Of course not!"" exclaimed Mr. Weigh. ""They're my new line—Bananawear!""

The stranger smiled sheepishly: “I didn’t know you were doing clothes… But seriously though…”

""Well then let me see them!"""
en_0175	wash	door	en	"Why did the door refuse to wash dishes? Because it said ""I'm too much of a knob for that!"""
en_0176	measure	flower	en	"Once upon a time in a small town, there lived a quirky botanist named Measure who was known for her love of unusual flowers. One day, while on an expedition to find rare specimens, she stumbled across a peculiar flower that no one had ever seen before.

The flower was small but had a long stem with leaves so fine they looked like threads. Intrigued, Measure took the flower back home where she decided to name it ""Tinylace.""

Excited about her new discovery, Measure wanted to measure its exact dimensions. She grabbed her ruler and approached the delicate plant, whispering, “Now, Tinylace, let’s see what you’re made of.”

Just as she reached out to take the first measurement, the"
en_0177	weigh	bottle	en	Why did the bottle go to the gym? To weigh less than its label says!
en_0178	cut	phone	en	Why did the chicken cut its phone number off? It wanted to get a cell.
en_0179	wash	apple	en	"Why did the apple wash its face? 

Because it was in a bowl of warm water trying to get rid of all the worm-touched stuff!"
en_0180	cut	pumpkin	en	"Once upon a time in the small town of Harvestville, there was an eccentric old man named Mr. Cut who lived on a farm. Everyone knew he had the most beautiful pumpkin patch in all of the land. His pumpkins were so perfectly round, they could even cut them with ease—literally! 

One autumn day, a young boy, Jack, wandered over to Mr. Cuts's farm after hearing about his legendary pumpkins. The boy found himself standing before 100 perfect pumpkins, each one begging for carving.

""Hi,"" Jack said nervously as he approached. ""I heard you have some amazing pumpkins here.""

Mr. Cut looked at him over his spectacles, squinting. ""Ah yes"
en_0181	wash	towel	en	"In the quiet town of Towelville, everyone had two names: one for themselves and another for their towel. Old Man Wash owned the only washateria in town where towels were washed with pride. His towel was named Dabney. 

Dabney was not an ordinary towel but a legendary one capable of cleaning itself when tossed onto any surface. It had been passed down through generations—first to his grandmother who called him ‘Wipey’, then to his father, ‘Fluffy’, before finally reaching its current owner.

One day, Dabny decided he didn’t want to be called Wipey anymore. He wanted recognition based on what he really was – the king of self-cleaning towels! So, at night while everyone"
en_0182	hammer	keyboard	en	"Why did the hammer break up with its keyboard? 

Because it found out that it was using too many nails! *nail* sorry for the pun... I couldn't help myself. 😂"
en_0183	spray	table	en	Why did the table decide not to go on any dates? Because it was afraid of getting spray-tailed! 😂😉
en_0184	cut	rock	en	Why did the rock refuse to cut its hair? Because it was a hard-core guy!
en_0185	cut	book	en	Why did the book get cut in half? Because it was too thick to fit on his coffee table! (Okay, so maybe it's not that funny, but I tried...)
en_0186	shake	hair	en	Why don't men ever shake hands with other men in bars? Because their hair is always getting caught up in the handshake... but not like that time I met my future wife's father; he shook my hand so hard it was like giving him two thumbs-ups for life!! *cue awkward silence*
en_0187	shake	lemon	en	"In the bustling city of Lemonopolis, where everyone's name ended in ""-lemon,"" there was a curious fellow named Shake lemon who ran the most popular bar in town.

One evening, as Shake was mixing his signature ""Shake-A-Lemon"" cocktail, he overheard two patrons arguing about how to properly shake a lemon. The first said, ""I shake hard for 10 seconds."" The second retorted, ""No way! I shake gently for three minutes.""

Shake couldn't help but chuckle at their seriousness. He decided to settle the dispute once and for all. With great pomp, he announced, ""Gentlemen, allow me to demonstrate my superior technique!""

He picked up an ordinary lemon from the counter"
en_0188	measure	carrots	en	Why did the carrot break up with its ruler? It felt like they were always measuring things instead of just enjoying each other's company... literally.
en_0189	hammer	bottle	en	Why did the bottle of wine break its hammer? Because it couldn't handle all that pressure... literally. 😂💥🤖💡
en_0190	wash	blender	en	Why did the man put his socks in the blender? To wash them… with such force that they'd never know what hit 'em... until he threw them back at him from across the room as a surprise gift for himself on Father's Day morning!!
en_0191	close	fridge	en	"Why did the close-packed fridge go to therapy?

Because it had too many deep freeze issues..."
en_0192	wash	oven	en	Why did the chef put his washcloth in the oven? To get it baked good enough to clean with... you know, just in case he ever gets too busy washing dishes again.
en_0193	hammer	coconut	en	Why did the coconut break up with the hammer? He couldn't stand his rough approach to intimacy... Literally. 🍺💥
en_0194	measure	laptop	en	Why did the laptop go to therapy? It had measure issues... literally. And it's not just about screen size; there's also this recurring theme of needing 16GB more RAM than everyone else!
en_0195	shake	tomato	en	Why did the tomato shake its head? Because it thought there was too much ketchup in life already... *sigh* Just kidding, that's terrible. How about this: Why don't tomatoes make good dancers? They have two left feet. Okay fine, I'll try again: Two tomatoes walked into a bar… Wait nope, that one sucked as well. Oh man, okay how about this time – why do they always get asked to shake things off their faces? Cause they’re always blushing!! (Sorry for the long run-on sentences earlier)
en_0196	wash	chair	en	Why did the chair go to school? To wash its seat!
en_0197	hammer	watermelon	en	"One day in the small town of Hammerton, where everyone was named after tools and the local sport involved hitting watermelons with hammers, a peculiar event unfolded.

In the middle of Main Street stood an enormous watermelon, its skin as green as the leaves on the old oak tree beside it. The townspeople were buzzing about how they would break this record-breaking melon open using their trusty hammer. Everyone knew that whoever could crack the largest piece would win the grand prize: a free week’s supply of honey.

As the crowd gathered, there was one young boy who hadn’t heard the news. His name was Nailer, his father was a blacksmith, and he had no intention of entering any contests. He walked up to"
en_0198	spray	eggs	en	"Why do egg farmers spray their chickens? 

To make sure they're all scrambled properly!"
en_0199	shake	flower	en	Why did the flower shake? To petal everybody off his rocker... And now, everyone's got petals falling from their heads like they're on LSD at Woodstock 1969! But seriously folks, why did the bell shake? It wanted to ring.
en_0200	move	tree	en	Why did the tree move to Florida? To get away from all the damn leaves! *sigh* It's so exhausting moving 200 pounds of trash every fall...
es_0101	rociar	silla	es	"Un hombre se levanta del sofá con cara desesperada: ""¡Mi madre ha rociado la silla con aceite de ricino!"".
Otro le mira preocupado desde el otro lado del salón: ""¿Y eso es un problema?"".
El primero comienza rápidamente a explicarse:
""La cosa es que... me estaba haciendo pipi en ella"".
""Hablando bien claro"", interrumpe el segundo hombre.
""No puede ser"", dice incrédulo este último al ver cómo su amigo empieza a describirlo todo...
""...y cuando terminé, fui corriendo hacia el baño...""
""Pero ¿no tenías ganas?""
""Sí pero había una mujer ah"
es_0102	martillar	banana	es	"¿Por qué una banana no necesita martillo para romper algo?

- Para que pueda plátano (plato) con él... ¡Bam!"
es_0103	mover	refrigerador	es	"¿Por qué no puedes mover tu refrigerador?

- Porque está lleno de cosas que ya están frías... ¡no tienes donde meter la comida caliente!"
es_0104	martillar	calabaza	es	"Claro que sí:

¿Por qué la calabaza no iba al gimnasio?

- Porque tenía miedo de martillarlo... ¡¡en el pecho!!"
es_0105	pelar	calabaza	es	"¡Oye! ¿Sabes por qué la calabaza es como una perra? ¡Porque tiene patas peladas!

Pero en serio, imaginen esto: un día tuvimos que pelar 10 kilos de calabazas en mi cocina familiar. No sabemos cómo pasamos las horas... Tal vez era porque el tiempo se detuvo cuando empezó nuestra batalla con los cuchillos.

Entonces, uno de mis hermanos más pequeños decidió ayudarnos con su genial idea: ""¿Qué tal si usamos un traje de superhéroe?"" Y así fue como nació nuestro equipo de Héroes Peladores de Calabaza ("
es_0106	calentar	libro	es	"Un libro de matemáticas se cae del estante en la biblioteca local y al verlo así... ¡mejor dicho: caliente!, el librero exclama:

-¡Qué frío hace aquí!

El libro responde divertido:

-Aja... Pero no es lo mismo que te sientas encima mío... ¿no?"
es_0107	rociar	puerta	es	"Claro que sí, aquí tienes uno:

Por qué se metió la señora por la puerta en lugar de rociarla?

- ¡Qué más da, me daba igual por donde entrara!"
es_0108	medir	pizza	es	"¡Oh noohooo! ¡Medimos pizza... como una taza de té en la tierra del lechón asado!

¿Cómo? ¿Te lo repito más claro?

No te pongas así que ya sé por dónde vas: si miden dos pizzas las mismos metros es porque los clientes son iguales.

En fin...

Espera un momento antes de salir corriendo gritando ""El panza grande se mide con el palo"" - me refiero al cuchillo- pues cada persona tiene su propio método de medición:

1) Con piernas dobladas (muy difícil)
2) Al lado de tu auto (no vale)
3) Con las rodillas toc"
es_0109	desenchufar	refrigerador	es	"Un cliente entra en una tienda de electrodomésticos y le pregunta al vendedor:

- ¿Podrías recomendarme el mejor refrigerador para mí?

El vendedor mira al cliente con curiosidad y responde:

- Bueno... depende mucho de usted... Me cuenten cuántos helados quiere desenchufado.

El cliente lo mira sin entender.

- Pues... siempre que tengo invitados...

- Entonces, podría sugerirle este modelo: se puede conectar hasta 500 personas simultáneamente. No tendría que preocuparse nunca por tener la casa llena de gente esperando a que desenchufe los helados. Además, tiene un sistema de refrigeración especial"
es_0110	pesar	teléfono	es	"¡Claro que sí! Aquí tienes uno:

- ¿Pero qué tanto pesar teneís con ese teléfono?

- Bueno, pues si no es por nada... ¡es que es muy pesado!"
es_0111	desgranar	tomate	es	¡Ay ay ay!, que me han desgranado el tomate... ¡no sé si por arriba abajo, ni al revés! ¡Se la paso toda haciendo grillos! 😂😄 🍅BUGALOO
es_0112	rociar	taza	es	"Chica: ¿Qué pasa cuando rocías agua en una taza?
Novio: Se llena.
Tía: No entiendo... 
Hijo pequeño: ¡Eso es lo mismo que hacer la caca!"
es_0113	cerrar	licuadora	es	¡Ay, joder! Hoy me tocó cerrar una licuadora... ¡y la verdad es que fue un batido!
es_0114	martillar	tomate	es	"Claro que sí, ¡aquí tienes una propuesta divertida!

**Marta Tomate: La Artista del Martillo**

Un día lluvioso en el parque,

Se encontró con un tomate.

“¡Ay! —gritaba— ¿Qué pasa?”, dijo Marta

Con su martillo alzado, listo para pelear...

Entonces... lo vio claramente:

El tomate estaba lleno de semillas,

Y se puso tan contenta que gritó: “Viva las semillas!” 

Pero entonces recordó: ""Estoy llena de agua...""

Así que, levantando su martillos le dice;

""Deberías ser más"
es_0115	mezclar	calabaza	es	"Un día decidí hacer un batido saludable para mi hijo utilizando calabazas marrones y moradas en polvo... Mezclé el contenido de 10 paquetes hasta que la mezcla parecía barro de escultura, añadí leche desnatada y todo eso y lo puse al microondas por 2 minutos para darle calor (y esperanza). Resultado: Un puré verde-amarillo apelmazado que me dejó preguntándome si habría algún libro sobre ""la ciencia de cómo no cocinar"". De todos modos fue mucho más útil que intentar encontrar información sobre cuánto azúcar se debe poner en un pan"
es_0116	calentar	laptop	es	"Ayer mi laptop se quedó sin batería por lo que tuve que conectarla al enchufe. Mi esposa entró en la habitación diciendo: ""¿Calientas esa cosa toda la noche?"" Y yo le respondí: ¡No me mires así! A mí también me gusta tener un poco de calor cuando trabajo... pero no tanto como para calentarme el agua del café. ¡Y eso que soy tan eficiente energéticamente!"
es_0117	perforar	huevos	es	"¡Imagina que eres un detective en una misión secreta! Estás trabajando con el agente J.J., tu compañero del FBI, cuando te pide: ""Joven Qwen - perfora los huevos de ese criminal"". ¿Eh? ¡Pero qué diablos está pasando aquí?

Entonces empiezas... por accidente... pinchándolos todo el tiempo mientras haces tareas cotidianas como preparar desayuno o jugar videojuegos. El único problema es que no puedes evitarlo; cada vez que estiraste la mano hacia algún platillo caliente, ahí estaba el pincho. Ahora piensa lo malo: todos tus amigos se rían al"
es_0118	pelar	coco	es	"Pregunta: ¿Qué hace una mujer que no puede parar de pelar coco en la oficina?

Respuesta: Pide un poco de paciencia... ¡y mucho chocolate!"
es_0119	cortar	zapatos	es	Un cliente va a la zapatería para comprar zapatos nuevos. - ¿Qué tal si le pongo a su señora una foto de sus pies? – dice el vendedor al verle las rodillas llenas de cortes. - No hace falta, mi esposa es una profesional en hacerse lesiones y sabe perfectamente cómo cortarse los dedos. - Y no quiere que le haga una plantilla... – dice risueño el vendedorr, mientras corta 15 pares de zapatos diferentes por todo el mostrador.
es_0120	pesar	sandía	es	"Ayer compré 30 kilos de sandías en el supermercado por su buen precio... ¡y sólo pesaba 29 kg cuando llegué a casa!

Finalmente sorprendió porque la broma se refiere al peso de las frutas, pero termina explicando que realmente no es tan grave como parece inicialmente gracias a que siempre hay algún ""kilogramo"" perdido debido a mala lectura del balcánico u otras razones triviales e inofensivas."
es_0121	martillar	refrigerador	es	"¡Claro que sí! Imaginen esto:

Una vez una pareja se encontró con un misterioso incidente en su casa: habían comprado un refrigerador nuevo, pero el día anterior le había caído un martillo encima. Al abrirlo, lo único que encontraron fue una camisa llena de agujeros redondos y un mensaje pegado al fondo del cajón del congelador que decía: ""¿Martillo?"". Según el vendedor, la palabra era una referencia a cómo los clientes podrían usarlo para romper la tapa del cono helado para obtener un poco más fácilmente los ingredientes para hacer helados caseros. ¡Ahora, eso es"
es_0122	abrir	licuadora	es	"¿Qué hace una licuadora cuando no quiere abrirse?

¡Tira las tapas por la ventana!"
es_0123	cortar	coco	es	"Un cocinero se prepara para cortar la última cebolla de su stock. Mientras lo hace, le dice al jefe: ""No me preocupo por las papas ni los tomates; tengo el coco lleno de repuesto"". El jefe piensa un segundo y luego exclama: ""¡Tienes razón, pero necesitamos 5 kilos de cebollas antes de que abramos la oficina!"". El cocineros piensa rápidamente: ""Bueno, supongo que no puedo tenerlo todo"". Luego se da media vuelta y grita: ""Corten el coñac!"""
es_0124	medir	tocino	es	Un día el médico se despertó muy aprensivo... su tocina le estaba medindo la temperatura en 42 grados...... Y no era de sorprenderse porque ayer pidió dos filetes bien asados... ¡que horror!! ¿No os parece? Es increíble lo que comen algunos para engordar!!! Dejenme decirles algo: yo miro los kilos como si fuera mi oficio.... por eso estoy delgado!!
es_0125	soltar	refrigerador	es	"¿Qué hace una persona que no puede soltar su refrigerador?

¡Es un freezer friki!"
es_0126	medir	calabaza	es	"¡Ahora sí que es medir la calabaza! ¿Sabes cuánto pesa una calabazita? Pues nada más ni nada menos que 10 kilogramos de risa... ¡pero no te preocupes, aquí no hay gravedad!

Imagina que tienes un jardín donde crece una calacita tan grande como una casa (una calabasa gigante). Y ahora imagina que quieres saber su peso antes de ponerla en tu auto para ir a la feria del carnaval... Al final te has quedado con un volcán de risas en el patio trasero.

¿Y si alguien se equivoca y mide la altura de la cal"
es_0127	cortar	laptop	es	"¿Qué le dice una laptop a otra?

- ¿Cómo estás?

- Bien, gracias por preguntar… ¡y cortándome la conversación!"
es_0128	lavar	teclado	es	Un hombre entra en la oficina del gerente gritando: - ¡Mi teclado se ha vuelto loco! Al otro lado de la línea el jefe le responde: ¿Lo has lavado? El pobre lo mira sin entender nada... Entonces él contesta que no y luego suena el timbre de la puerta principal... Y cuando entran 2 empleados cargando agua caliente... Se va para casa corriendo diciendo: ¡No he dicho eso! ¡Y menos algerín!
es_0129	sacudir	árbol	es	"¿Qué hace una abeja en medio del bosque?

Sacude las flores... ¡y se convierte en un árboleva! 😄✨"
es_0130	rodar	papa	es	"¡Claro que sí! Imaginen esto: ""Un día un hombre llamado Bob decidió pasar el rato con su perra... ¡yendo a dar una vuelta en la camioneta mientras le ponía música pop al volumen máximo! Al cabo de unos minutos se bajan del vehículo, él con los ojos vendados porque es ciego y ella tiene los oidos tapados por las papas fritas que ha llevado como picnic."" ¿Te rió? Si no fue así, prueba nuevamente: ""El perro estaba tumbado sobre sus patas traseras mirando hacia arriba cuando el dueño lo llama desde afuera. El perro, confundido"
es_0131	lanzar	teléfono	es	"Claro, aquí tienes:

¿Qué hace una rata al teléfono?

Pasa tanto tiempo lanzando alimento que ya no se atreve ni siquiera a tirar... ¡el teléfono!"
es_0132	lanzar	naranja	es	"¿Qué le dice una naranja a otra naranaja que lanza?

¡No me toques, estoy a punto de lanzarme a la piscina!"
es_0133	freír	teléfono	es	"Claro que sí:

Un día llamé al teléfono del médico para pedirle si podía venirme pronto.

-¡Médico en Llamada!

-Estoy teniendo... ¡hambre de tortillas!

-A ver… ¿Freírlas?

-Ya lo sé yo cómo freírla pero el asunto es...

-No hay problema -dice él-, puedo poner tu nombre en la lista de espera por 20 minutos. Y te envío las instrucciones por WhatsApp cuando venga uno disponible. Por cierto, lleva papel higiénico. No voy a poder tapar bien toda esa grasa mientras trabajo contigo. Pero no se preocupe; estoy seguro que puede arreg"
es_0134	martillar	microondas	es	"¡Ay, madre mía! Imaginen esto: un día cualquiera en casa, el pobre está martilleando una caja fuerte con todas las llaves del mundo... hasta que finalmente decide abrirlo. ¡Pum!, se abre pero al entrar ve sufrir la misma desgracia que los otros dos intentos antes: ¡es solo un microondas lleno de comidas horribles que ya no quiere comer más!

El tipo entonces piensa ""¿Debería usar el martillo?"" Pero ¿saben lo que pasa? Le da una patada y queda paralizado cuando el microondás hace “puf!” y él siente como si le hubieran dado una pat"
es_0135	desenchufar	teléfono	es	"Chico: ¿Mamá? Mamá... mamaaaaa...
Madre (de la otra línea): ¡Pero si ya te dije que desenchufaste tu teléfono!
Chico (con voz temblorosa): No me refiero al enchufe madre... El otro... Desen-chu-faaaarrrr!!!"
es_0136	pesar	calabaza	es	"Claro que sí, ¡vamos a combinar esos dos términos de una forma divertida!

¿Sabías qué? El peso de una calabaza gigante puede ser pesado... pero el dolor es nada comparado con lo pesado que te sentirás si caes encima de ella al intentar quitarle la semilla. Y no me refiero solo a los dolores musculares: también puedes experimentar un ""susto pesado"" cuando alguien grita ""¡Aaaahhhh!"" mientras te cubres la cabeza del susto. Si esto suena demasiado peligroso, podrías optar por llevar siempre en tu mochila un paraguas, porque seguro tendr"
es_0137	medir	microondas	es	"¡Eh, microondas!

— ¡Medí esto!
— No puedo — dice el microondás.
— ¿Por qué no?
— No tengo una cinta métrica. 

Pero te diré, si quieres un helado en un minuto o dos, eso es exactamente lo que vas a necesitar... ¡o un poco de mi ayuda!"
es_0138	pesar	tomate	es	"¿Qué le dice una persona al otro cuando este tiene mucho tomate en la cara?

- ¡Vaya pesa más que un tomate!"
es_0139	medir	sandía	es	"¿Por qué la sandía no puede medir su propio tamaño?

¡Porque siempre está en frío! (Frio - Fruta)"
es_0140	lanzar	cuchara	es	"Por qué los chefs no usan cucharas para lanzar?

Pues porque si se les cae la comida no puede volverse a levantar... ¡y eso sería una mala caída!"
es_0141	calentar	zapatos	es	"Un hombre entra en la oficina del médico diciendo: ""Doctor, necesito que me examine porque tengo los zapatos demasiado calientes.""

El doctor lo mira confundido y dice: ""¿Puedes explicarme más?""

""Claro"", responde el paciente. ""Tengo las piernas tan largas que mi cabeza ya no cabe por dentro de mis zapatos, así que cuando me pongo los zapato, me queman"".

Finalmente, el doctor se inclina hacia adelante y le pregunta al paciente: ""Entonces ¿cómo es tu día?"""
es_0142	lanzar	camisa	es	"Claro que sí, ¡vamos con ello!

¿Sabías? Un día un tío se levantó temprano y decidió lanzar una camiseta al aire como si fuera una pelota... Y vaya si lo hizo bien porque no solo la atrapó otra persona (¡no sabemos quién!), sino que también le dio 10 euros en el acto.

Al parecer había oído hablar del ""Lanzamiento Camisetas"" —un fenómeno viral donde las personas luchan por coger cualquier prenda que alguien lance— pero este tipo fue tan hábil que ni su mejor amigo pudo alcanzarse antes de los diez segundos establecidos.

Después"
es_0143	medir	horno	es	"¡Claro que sí! Imagínate esto:

- *Medir* - Pones una cucharada de amor en la taza del horno.
  - *Hornear* - Colocas tu pareja en el horno por un día entero.

No es lo más saludable ni recomendado, pero definitivamente te hará sonreír... o tal vez llorar de risa al ver a tus amigos intentando replicarlo. 

Además:
 
- Toma dos medallas de oro (una en deportes olímpicos y otra en cocina) y ponlas dentro del horneo durante media hora con música ligera a volumen bajo.

También puedes mezclarlo"
es_0144	beber	huevo	es	¿Qué le dice una cebolla hervida al otro? ¡No me mires que estoy en la sartén bebiendo aceite!
es_0145	lanzar	galleta	es	"¿Sabes por qué no puedes lanzar una galleta desde la Luna?

Porque cuando caiga, será tortilla."
es_0146	mezclar	teléfono	es	"¡Oye! ¿Sabes que si mezclas el ""canto"" con tu teléfono...? Puedes tener una canción entera cada vez que hagas un llamado (y no te refiero al tono predeterminado). ¡Eso sí cambiará la experiencia del teléfono de verdad! Ahora puedes esperar cualquier melodía en lugar de sólo los sonidos tradicionales como “zumbido”. Como el himno nacional, The Beatles o incluso los temas de películas de James Bond cuando llames a alguien por casualidad - créeme, harás más amigos así :D Por cierto, esto se llama música dinámica personalizada y es genial porque te permite llevar algo tuyo donde"
es_0147	martillar	auto	es	"Un día, un hombre se compra su primer auto, lo estaciona frente a su casa y grita: ""¡Oye, vecino! ¡Ven y ve si mi coche necesita que te martille la cabeza para que me dejes aparcar!"" El vecino responde: ""¿No puedes usar las señales?"". ""¡Qué va!"", replica el hombre, ""si me estoy muriendo de ganas de martillarte tu cabeza para dejarme entrar!"" Y sin más, sale del coche y le empieza a martillar en la puerta hasta que el vecino abre. Él entra en el garaje del vecino y este exclama: ""Pero ¡¿qué h"
es_0148	perforar	botella	es	"¡Vamos a perforar una botella con un elefante en miniatura pero primero...!

1. **Preparación**: Primero que nada, necesitas comprar una botellita vacía (no te olvides que esta acción es virtual) y también conseguir un elefantito diminuto de juguete.

2. **El Juego del Elefantito**: Toma la botella y coloca el elefanterín justo encima de ella como si quisiera pasar por ahí. Ahora, intenta girarlo lentamente, diciendo ""Perro Perro"" cada vez que lo haces gira un poco más hasta que finalmente se cae al suelo dejando una pequeña marca o"
es_0149	cortar	toalla	es	"¡Oh, no te lo pierdas! La señora Jones es tan buena en el arte del ""corte"" con su toalla que podría cortar una tira en cualquier persona... ¡pero solo cuando están despiertos!

Una vez estaba haciendo la cama, tratando de alisar la toalla de baño sobre las sábanas como si fuera un manto invisible. Su esposo entró y preguntó: ""¿Estás jugando al Monopoly?"" Y ella le respondió: ""No, estoy sólo probando cuántos tramos puedo atravesar con mi toalla.""

En casa de los Johnson, decidieron tener un día de juegos familiares. El padre intentaba explic"
es_0150	martillar	zapatos	es	"¿Qué hace una rata cuando está borracha?

Martilla zapatos... ¡perdona! Zapatea martillos."
es_0151	martillar	huevo	es	"¿Qué hace una abeja que no puede martillar en un huevo?

¡Que le da cien golpes de cola! ¡Un miliderecho cada vez!"
es_0152	martillar	teléfono	es	"Chico: ¡Qué onda papá? Estoy en la oficina.
Papá: ¡Ahí me tienes hijo mío! ¿Cómo estás?
Hijo: Bien, bien... pero hoy se rompió mi teléfono móvil.
Papa: Ay, qué suerte, bueno que te quede el viejo...
Hijo : ¿El Viejo? Jajaja. Bueno mamá quería hacer una llamada.
Papo: Que haga lo mismo tu padre jajaja!
Hijo - (Después de unos segundos) : Papito ¿me puedes decir como se hace para martillear un teléfono?"
es_0153	lavar	pepino	es	"Un hombre va al supermercado para comprar pepinos y se lleva 10 kilos. Al llegar a casa, dice: ""¡Mis niños, estoy tan cansado de lavar estos malditos pepinos que me voy a meter en la bañera!"" Y cierra la puerta del baño. Pasan dos horas... La señora grita: ¡¿Dónde está mi marido?! Los hijos entran y ven el agua hirviendo, y al pobre señor sentado dentro como si nada le pasara. Un hijo pregunta: ¿Qué estás haciendo ahí? El padre responde: ""Lavando los pepinos"". El niño exclama sorprendido: -P"
es_0154	sacudir	mesa	es	"Un cliente se queja: ""¡Es imposible mantener la comida en mi plato!"" El dueño de bar le responde:
- Bueno... ¿qué haces al sacudir tu mesa? - pregunta el hombre confundido.
El tipo contestó entonces - ¡Nada más que eso!
Finalmente le dice - Bien veamos si puedes dejarla quietecita cuando vengas otra vez...
Al rato vuelve el caballito con su plato vacío; luego lo mira sin decir nada ni moverse;
- Y bueno… ¿Cómo te fue?
Esta vez él solo mueve la cabeza negativamente diciendo : 
""Voy cada día peor..."" Y deja otro pl"
es_0155	lavar	sandía	es	"Dos sandías se cruzan en la calle.

- ¡Qué guapa eres!

La otra: - Gracias... ¿y tú?

- No sé lo que te voy a lavar hoy por ti. Soy muy exigente. Y no me refiero al precio ni el sabor de tu piel… Sabes cómo son las mujeres cuando quieren algo? Pues yo quiero saber si puedo hacerte más dinero este año...

La otra quedó pasmada mirándola unos segundos:

-Ya veo... Pero déjame preguntarte esto antes de aceptarlo: Si pudieras hacerme trabajar sin tener que entrar agua alguna vez al frigorífico durante todo mi tiempo útil aquí abajo; podré viv"
es_0156	rociar	libro	es	Una vez un libro intentó rociarse en el jardín del vecino para despertarlo de su siesta. Sin embargo, la intención quedo frustrada al caerse por accidente sobre el estanque llenándolo completamente… Y lo único que pudo leer después fue: “¡Nadie quiere beber agua!”
es_0157	lavar	microondas	es	¡Hey! ¿Sabes por qué las personas que usan microondas para lavar ropa nunca pueden encontrar su ropa limpia? Porque en realidad están usando una lavadora! ¡Qué trampa! 😂😄
es_0158	abrir	refrigerador	es	"Un día entré al refrigerador de mi casa para buscar unas cervezas... ¡y no salí más! Mi esposa pensó que estaba mal, pero yo le dije: ""No te preocupes cariño, se abrirá solo"". Y efectivamente lo hizo dos días después; el problema era que ya no me quería volver a ver otra vez."
es_0159	mover	microondas	es	"¡Claro que sí! Aquí tienes:

¿Qué hace la gente cuando necesita moverse pero no puede levantarse?

Usan el microondas... ¡y se comen un pastel de queso para aguantar hasta la próxima pausa!"
es_0160	medir	zapatos	es	"¡Imagina esto!

Un día, un hombre va al zapatero más extraño del mundo porque necesita medir sus pies para comprar unos nuevos zapatos. El zapaterillo le dice: ""Primero necesito que suban esos pantalones hasta la cintura"". La cara del tipo cambia de color.

""¿Por qué? - pregunta con tono nervioso.""

El zapateril se ríe amablemente y responde: ""No hay problema, amigo... solo quería asegurarme de que mis medidas sean precisas."" 

Y el pobre tío, después de ver su reflejo en el espejito, exclama:

- ¡Dios mío! ¿Med"
es_0161	cortar	auto	es	"¿Por qué los conductores de autos no usan sierra eléctrica?

Porque con una sierra no puedes hacer más que cortar, pero con un auto tienes muchas posibilidades: puedes parar, acelerar, frenar... ¡y ni hablar de la marcha atrás!"
es_0162	lavar	ventana	es	"¿Sabes por qué no puedes lavar la ropa en una ventana? 

Porque si lo haces te quedarás calentito delante de tu ropa empapada... ¡¡perdón!! ¡¡Calienta tus calcetines!!"
es_0163	lavar	tomate	es	"¡Vamos con una historia divertida!

Un día un niño llamado Tomatito estaba en el baño lavando su juguete favorito: un tomate.

El agua corriendo por los surcos del cálido tomate resultaba algo excesiva - ¡el pobre había sido tan maduro que prácticamente se derramó todo! Pero no era ésta la razón de toda esta diversión...

Tomato tenía muchos amigos... todos ellos frutas. Su mejor amiga se llama Naranjita y cada vez que iba al baño juntos quedaban muy mochis (mochi son dos naranjas pegadas).

Una tarde mientras corría agua sobre Tomato vio cómo apare"
es_0164	lanzar	flor	es	"Claro, aquí tienes uno:

¿Qué hace una flor en el gimnasio?

¡Lanza flores al aire como si fuera una experta en lanzamiento de discos olímpico! ¡Y cuando caen, se las da a la gente para que le den una palmadita en la espalda!"
es_0165	lavar	roca	es	"- ¿Por qué los hombres no pueden lavar la ropa rocas como las mujeres?

- Porque son todos tíos... No tienen tiempo ni paciencia para ponerse a ""lavarse"" una hora cada dos días. Si tuvieran que limpiar algo tan grande todo lo demás se olvidaría por ellos. Y menos ahora con tantas fábricas en casa de lava-ropa gigantes para evitar tener que llevarlas al carrete.... ¡¡Esa es otra historia!!"
es_0166	pelar	maíz	es	"¡Hey! ¿Sabes por qué nunca deberías usar una cuchara para pelar maíz?

Porque siempre te quedan los dientes en él! 😄"
es_0167	pesar	libro	es	¡Ey! ¿Sabes por qué los libros pesan más que las personas? Porque la gente se va en busca del éxito mientras los libros quedan atrás cargando todos esos problemas... bueno, no exactamente eso, pero te entiendes. Los libros llevan tanto peso porque tienen tantas páginas para llenarse de información y sabiduría. ¡Pero cuidado!, si estás pensando que vas a cargarlos todo tú solo, pues mejor regala algunos: nunca es tarde para empezar una biblioteca personal gratis.
es_0168	rociar	microondas	es	"Aquí tienes un chisme ligerito con tu toque de exagerado:

¿Qué hace la gente más idiota en el microondas?

Pues rociar toda la comida con agua antes de calentarla. ¿Y sabes por qué? Porque es lo único que se les ocurre para ver si está fría... ¡y siempre aciertan!"
es_0169	rodar	zanahoria	es	"¡Qué tal si te cuento uno sobre rodar zanahorias?

¿Sabes por qué las zanahanias no pueden tener novio? Porque... ¡siempre se les queda dando vueltas alrededor del pobre tonto que intenta estar serio cerca suyo cuando están en la cama jajaja! 😂😂😄"
es_0170	cortar	teclado	es	"¡Hola amigo! ¿Sabes por qué no puedo usar mi teclado para cortar algo?

Porque cuando trato de hacerlo me sale: ""Lo siento, pero eso es solo para texto."" 😂😂😂"
es_0171	pesar	huevo	es	"Pregunta: ¿Por qué en una cesta del supermercado hay más huevos que pesas?

Respuesta: Porque la perra no dejó entrar al pollo."
es_0172	lavar	refrigerador	es	"¡Imagina esto!

Un día un hombre va al supermercado con su mejor amigo (que es un refrigerador).

El tipo se vuelve hacia el frigorífico: ""¿Qué tal estás?""

El Refrigerador responde desde adentro del refrigerio: “Bien gracias, mi dueño me ha estado lavando más seguido en los últimos días.”

""Creo que eso no debería ser bueno para ti"", comenta él.

""No lo sé... pero creo que le gusta limpiarme mucho.""

Entonces la señora entra por detrás:

""Te estaba escuchando conversar sobre cómo te estoy limpiando demasiados estos días..."" dice sonriendo mientras limpia todo con una toalla h"
es_0173	desenchufar	licuadora	es	"¿Qué le dice una licuadora al enchufe cuando se acerca la hora del desenchufado?

¡No te vayas tan rápido, me quedan los plátanos para licuar!"
es_0174	pesar	banana	es	"Aquí tienes uno:

¿Qué pesa más: 10 bananas o el amor de tu vida?

Si es la amada banana (o el amor), ¡entonces esa pregunta no tiene sentido!

(Explicación rápida: Si bien las dos opciones pesan exactamente lo mismo... La segunda opción puede hacer que tus pensamientos se vuelvan muy pesados...)"
es_0175	lavar	puerta	es	"Claro que sí, aquí tienes un chiste creativo combinando ""lavar"" y ""puerta"":

¿Por qué la puerta no quiere lavarse?

— ¡Porque si lo hace... ya no será puerta!

Espero que te haya hecho reírin! Si quieres más, déjame saber."
es_0176	medir	flor	es	"Claro que sí, aquí tienes:

""Medirás la flor cuando la lluvia cae en su cara; porque no es tan fácil como medirla con un metro estándar.""

Esta frase combina ""medir"", generalmente referido al acto de evaluar o determinar el tamaño, longitud, peso u otro atributo tangible de algo usando una herramienta específica (como un estéreo, balance...), y “la flor”, cosa inmaterial e invisible.

Espero te haga gracia este juego de palabras mezclando realidades aparentemente opuestas de forma divertida. ¿Necesitas más? ¡Sólo pregúntame lo que necesites!"
es_0177	pesar	botella	es	¿Qué le dice una botella vacía a otra botella que también está vacía? ¡No me pesa nada en la conciencia!
es_0178	cortar	teléfono	es	"¡Ah, el teléfono! Ese dispositivo tan útil que tanto se necesita... hasta que te encuentras con un problema inesperado:

- ¿Por qué los teléfonos móviles siempre son tan cortantes? Porque al final del día, alguien tiene que ser el cortante.

- ¿Cómo corta una persona en la fila del banco por teléfono? Diciendo: ""Corto a la siguiente.""

- ¿Qué hace una persona que no quiere hablar por teléfono con su ex pareja? Corta la línea.

- Un hombre llamó al médico porque tenía dolor de estómago. El doctor dijo: ""Puedes continuar hablando o puedes cortar."" - ""No voy a cortarlo,"" respond"
es_0179	lavar	manzana	es	"¡Chistecillo rápido!

¿Qué le dice una manzana al cajero automático?

- Toma y no me olvides lavar... la próxima vez :)"
es_0180	cortar	calabaza	es	"Claro que sí, ¡vamos con la combinación más rara del mundo!

¿Sabías qué? El otro día me encontré con una calabaza en el parque... ¡la pobre estaba cortada en dos partes iguales por un tonto conejo, eso sí que es extraño!

Y no te cuento lo que le dijeron al dueño: ""¡No sé cómo ha llegado mi calabazón a tu jardín! ¿Acaso fue el viento quien se encargó de ello?""

Soy todo ojos (y orejas), así que si alguna vez te encuentras con una tal Calabazita despiadadamente dividida por algún animal loco"
es_0181	lavar	toalla	es	"Un hombre entra en el gimnasio muy temprano para lavar su toalla de la noche anterior.
El dueño del gimnásio le dice: ""¿No te has dado cuenta? Ya estuve aquí antes que tú"". El tipo responde:
""¡Sí pero no tenía tiempo de lavarme las manos!"""
es_0182	martillar	teclado	es	"Dos programadores se encuentran en la cima de una montaña muy alta... Uno le pregunta al otro: ""¿Qué es el desarrollo del software sin teclas?"" El segundo responde sin vacilar:

- ¡Es martillar desde arriba!

El primero asiente seriamente mientras el sol brilla sobre ellos y piensa que esa respuesta definitivamente merece un nuevo post de Hacker News."
es_0183	rociar	mesa	es	"Hombre: ¿Por qué roció agua en la mesa?
Hijo de dos años: ¡Para ver cuánto se mojaba!
Mamá: No entiendo cómo has aprendido eso.
Hijo: Porque cuando mamá hace el café siempre rocia leche sobre la mesa... ¡y me enseña que no lo beba si está caliente!"
es_0184	cortar	roca	es	"Claro, aquí tienes uno:

¿Qué hace una roca en el supermercado?

La verdad es que no lo veo, pero si la coge una persona de 200 kilos para cortarla con su enorme sierra portátil... ¡bueno, ya sabes cómo acabará esto! ¡Y el dueño del supermercato tendrá que pagar todos los daños!"
es_0185	cortar	libro	es	"¿Sabes por qué los libros son tan malos cortando árboles?

Porque si lo hacen demasiado seguido, terminan despidiéndose del papel."
es_0186	sacudir	cabello	es	Por qué la gente no sacude su cabello cuando duerme? Porque ¡¡¡hay demasiados pelos en la cama!!!
es_0187	sacudir	limón	es	"Un día un hombre va al médico porque tiene fiebre alta; le dice: ""Doctor, estoy muy caliente."" El doctor sacude el frasco del medicamento diciendo: - Tome esto. Y luego piensa en voz alta mientras se limpia las manos con un pañuelo húmedo con limón: - Debe ser la fiebre amarilla..."
es_0188	medir	zanahorias	es	"Un científico se levanta cada mañana para ir al laboratorio de su casa y medir sus zanahorias... Para hacerlo, toma la última foto del universo visible y mide las sombras proyectadas por los planetas rojos en relación con el radio de estas mismos.
El día que llega a 10 milímetros exactamente es cuando terminará la humanidad… ¡¡pero no te preocupes!! Ya hay más de doscientos millones de años hasta entonces!!!"
es_0189	martillar	botella	es	"¿Qué hace una botella cuando no puede martillar un madero?

¡Se tuerce!"
es_0190	lavar	licuadora	es	"Hombre: ¿Sabes por qué no uso licuadoras para lavar la ropa?

Mujer: No lo sé...

Hombre (con expresión de suficiencia): ¡Porque se ponen en modo ""pulpa"" cuando las llenas de pañales sucios!

(El hombre sonríe burlonamente esperando que su humor sea apreciado.)

Mujeres del grupo: *silencio*... Ahora entiendo.

Hombre asombrado: ¡¿Qué?! ¡Esto es terriblemente malo!. Están escuchándome jajaja."
es_0191	cerrar	refrigerador	es	"¿Por qué la abuela no usa nevera?

-Porque si pone algo para cerrarla... ¡ya nunca lo va a comer!"
es_0192	lavar	horno	es	"Un día le pregunté al dueño de la lavandería qué era lo más difícil en su trabajo.
- Bueno -respondió él-, no es fácil que te den la ropa limpia cuando ya tienes hambre."
es_0193	martillar	coco	es	"Una vez un tipo llamado ""Martillo Coco"" se levantó temprano con la intención de cambiar el mundo... o al menos su vecindario local.

Primero martilleaba contra sus troncos imaginarios en el jardín mientras canturreaba una canción que solo él entendía:

""Marte-marte-ta-co-co...""

Su esposa decidió interrumpir este ritual matutino: ""-Cariño - ¡No necesitas romper tu propio coche cada mañana!""

Entonces le llegó otra idea brillante:

""-Eh, ¿sabes? Si yo hago esto todo el día, puedo construir cosas geniales.""

Parecía tan motivador hasta que"
es_0194	medir	laptop	es	"¡Oye amigo! Acabo de comprar una nueva laptop... ¡Y te voy a medirla en la cama para ver si cabe!
- ¿Qué haces?
- ¡Es que está tan grande que no sé cómo va a caber en mi bolsillo cuando salga del trabajo!"
es_0195	sacudir	tomate	es	"Claro, aquí va una combinación divertida:

¿Qué le dice un tomate que está por el supermercado sacudiéndose con fuerza? ¡No me saques la sal!"
es_0196	lavar	silla	es	"Claro que sí:

¿Por qué no puedes lavar la silla de tu jefe? 

¡Pues porque si te descuidas... ¡puede ser muy ofensivo para él! 😂😉"
es_0197	martillar	sandía	es	"Un hombre va al médico porque dice que tiene dolor de cabeza constante.

- ¿Cuál es su problema? - le pregunta el doctor.
- Tengo dolor en la cabeza todo el tiempo... ¡y no paro de martillar!
- ¿Martillar?
- Sí, siempre estoy martillando algo: muebles, pintura...
- Entiendo, debe ser mucho estrés.
- Es cierto —dice el paciente— pero también me ha dado por comer mucha sandía este verano...

El doctor se queda pensativo unos instantes:

- Bien, pues vamos a hacerle unas pruebas para descartarlo todo antes de darle un diagnóstico definitivo… En primer lugar, le h"
es_0198	rociar	huevos	es	"Hombre: ¿Qué es lo que ocurre cuando rocías agua en la cara del pollo?
Mujer: ¡¡Ponedle más sal!! 😂😂😂"
es_0199	sacudir	flor	es	"¡Oye Flor! ¿Qué tal va ese sacudido que te di la semana pasada?

- ¡Pues muy bien gracias! Me ha dejado en flor... literalmente!"
es_0200	mover	árbol	es	"¿Qué le dice una rama al otro árbol si está pensando en moverse?

¡Tira del tronco que no hay más remedio...!"
